Article_ID,Numbered_Source_Text,Original_Abstractive_Summary,Your_Extractive_Labels
2086,"[0] ‘ശരിയെന്നു തോന്നുന്നത് ആർക്കു മുന്നിലും തുറന്നു പറയുന്നവരായിരുന്നു അമ്മയും മുത്തശ്ശിയും
[1] അമ്മയാണ് ഞാൻ കണ്ട ആദ്യ ഫെമിനിസ്റ്റ്.’– ന്യൂസീലൻഡിൽ മന്ത്രിയായ ആദ്യ ഇന്ത്യൻ വംശജ എന്ന നിലയിൽ പ്രശസ്തയായ പ്രിയങ്ക രാധാകൃഷ്ണൻ പറയുന്നു
[2] ‘മറ്റുള്ളവർ ചെയ്യുന്നതു പിന്തുടരാതെ സ്വന്തമായി ചിന്തിക്കൂ’ എന്ന അമ്മയുടെ ഉപദേശമാണ് മുന്നോട്ടുനയിച്ചത്
[3] ‘വനിത’യ്ക്കു നൽകിയ അഭിമുഖത്തിലാണ് തന്റെ വ്യക്തിത്വം രൂപപ്പെടുത്തിയ കുട്ടിക്കാലത്തെയും കുടുംബത്തെയും പറ്റി പ്രിയങ്ക മനസ്സുതുറന്നത്",'- ന്യൂസീലൻഡിൽ മന്ത്രിയായ ആദ്യ ഇന്ത്യൻ വംശജ എന്ന നിലയിൽ പ്രശസ്തയായ പ്രിയങ്ക രാധാകൃഷ്ണൻ പറയുന്നു. 'വനിത'യ്ക്കു നൽകിയ അഭിമുഖത്തിലാണ് തന്റെ വ്യക്തിത്വം രൂപപ്പെടുത്തിയ കുട്ടിക്കാലത്തെയും കുടുംബത്തെയും പറ്റി പ്രിയങ്ക മനസ്സുതുറന്നത്.,"1,2"
32396,"[0] തിരുവനന്തപുരം∙ ‘‘മാറ്റുവിൻ ചട്ടങ്ങളേ...’’ എന്നു മഹാകവി കുമാരനാശാൻ പാടിയെങ്കിലും കാലത്തിന് അനുസരിച്ചു മാറ്റാത്ത പല ചട്ടങ്ങളും ആണ് നമ്മുടെ നാടിന്റെ പ്രത്യേകത
[1] ഇതിൽ ചിലത് കാലഹരണപ്പെട്ടതും പ്രസക്തി ഇല്ലാത്തതുമാണ്
[2] ചിലതു കേട്ടാൽ പുതിയ തലമുറയ്ക്കു കൗതുകം തോന്നും
[3] ഖാദി ഗ്രാമ വ്യവസായ ബോർഡിൽ കുഷ്ഠ രോഗികൾ അംഗമാകാൻ പാടില്ലെന്ന വിലക്ക് ഈയിടെയാണ് മന്ത്രിസഭ തിരുത്തിയത്
[4] കേൾവി ശക്തിയും സംസാരശേഷിയും ഇല്ലാത്തവർക്ക് ഖാദി ഗ്രാമ വ്യവസായ ബോർഡിൽ അംഗമാകാൻ ഇതുവരെ വിലക്ക് ഉണ്ടായിരുന്നു
[5] അതും ഭേദഗതി ചെയ്യാൻ തീരുമാനിച്ചു","""മാറ്റുവിൻ ചട്ടങ്ങളേ..."" എന്നു മഹാകവി കുമാരനാശാൻ പാടിയെങ്കിലും കാലത്തിന് അനുസരിച്ചു മാറ്റാത്ത പല ചട്ടങ്ങളും ആണ് നമ്മുടെ നാടിന്റെ പ്രത്യേകത. ഖാദി ഗ്രാമ വ്യവസായ ബോർഡിൽ കുഷ്ഠ രോഗികൾ അംഗമാകാൻ പാടില്ലെന്ന വിലക്ക് ഈയിടെയാണ് മന്ത്രിസഭ തിരുത്തിയത്.","0,3,4"
84278,"[0] അഹമ്മദാബാദ്; ഗുജറാത്ത് തദ്ദേശ തിരഞ്ഞെടുപ്പിൽ വൻ മുന്നേറ്റവുമായി ബിജെപി
[1] ആദ്യ ഫല സൂചനകൾ പുറത്തുവരുമ്പോൾ കോൺഗ്രസിനെ ബഹുദൂരം പിന്നിലാക്കി കൊണ്ടാണ് ബിജെപിയുടെ കുതിപ്പ്
[2] 81 മുനിസിപ്പാലിറ്റികളിൽ 54 ഇടത്തും ബിജെപപിയാണ് മുന്നേറുന്നത്
[3] വെറും രണ്ട് ഇടത്ത് മാത്രമാണ് കോൺഗ്രസ് ലീഡ് ചെയ്യുന്നത്
[4] ആം ആദ്മി പാർട്ടി ഒരിടത്തും മുന്നിലാണ്
[5] ജില്ലാ പഞ്ചായത്തുകളിൽ 12 ഇടത്ത് ബിജെപി മുന്നിലാണ്
[6] 231 താലൂക്ക് പഞ്ചായത്തുകളിൽ 51 ഇടത്ത് ബിജെപി ലീഡ് ചെയ്യുമ്പോൾ കോൺഗ്രസ് ഏഴടത്താണ് ലീഡ് ചെയ്യുന്നത്
[7] 81 നഗരസഭകളിലേക്കും, 31 ജില്ലാ പഞ്ചായത്തുകളിലേക്കും 231 താലൂക്ക് പഞ്ചായത്തുകളിലേക്കുമായി 8235 സീറ്റുകളിലാണ് തെരഞ്ഞെടുപ്പ് നടന്നത്.ഫെബ്രുവരി 28നു നടന്ന തെരഞ്ഞെടുപ്പിൽ 60.26 ശതമാനം പേരാണ് വോട്ടുരേഖപ്പെടുത്തിയത്","81 നഗരസഭകളിലേക്കും, 31 ജില്ലാ പഞ്ചായത്തുകളിലേക്കും 231 താലൂക്ക് പഞ്ചായത്തുകളിലേക്കുമായി 8235 സീറ്റുകളിലാണ് തെരഞ്ഞെടുപ്പ് നടന്നത്.ഫെബ്രുവരി 28നു നടന്ന തെരഞ്ഞെടുപ്പിൽ 60.26 ശതമാനം പേരാണ് വോട്ടുരേഖപ്പെടുത്തിയത്. ആദ്യ ഫല സൂചനകൾ പുറത്തുവരുമ്പോൾ കോൺഗ്രസിനെ ബഹുദൂരം പിന്നിലാക്കി കൊണ്ടാണ് ബിജെപിയുടെ കുതിപ്പ്.","0,7"
58304,"[0] എടത്വ(ആലപ്പുഴ): കച്ചവടം നടത്തിയതില്‍ കിട്ടാനുള്ള ബാക്കി തുകയുടെ പേരിലുള്ള തര്‍ക്കത്തെത്തുടര്‍ന്ന് യുവാവിന്റെ ചെവി കടിച്ചെടുത്തു
[1] പച്ചക്കറി വാങ്ങിയ വകയില്‍ കിട്ടാനുള്ള രൂപ തിരിച്ചു കിട്ടാത്തതിനെച്ചൊല്ലിയാണ് തര്‍ക്കമുണ്ടായത്
[2] പച്ചക്കറി മൊത്തവ്യാപാരി സംഘമായി എത്തി ചില്ലറ വില്പന നടത്തുന്ന യുവാവിന്റെ ചെവി കടിച്ചു മുറിയ്ക്കുകയായിരുന്നു",പച്ചക്കറി മൊത്തവ്യാപാരി സംഘമായി എത്തി ചില്ലറ വില്പന നടത്തുന്ന യുവാവിന്റെ ചെവി കടിച്ചു മുറിയ്ക്കുകയായിരുന്നു. കച്ചവടം നടത്തിയതിൽ കിട്ടാനുള്ള ബാക്കി തുകയുടെ പേരിലുള്ള തർക്കത്തെത്തുടർന്ന് യുവാവിന്റെ ചെവി കടിച്ചെടുത്തു.,
76587,"[0] തൃശൂര്‍: തൃശൂര്‍ പൂരം സുരക്ഷയ്ക്കായി പോലീസ് സജ്ജം
[1] സാമ്പിള്‍വെടിക്കെട്ട് നടക്കുന്ന മേയ് 11 മുതല്‍ 14 ന് പൂരം ഉപചാരം ചൊല്ലി പിരിയുംവരെയുള്ള പോലീസ് ഡ്യൂട്ടി വിന്യാസം പൂര്‍ത്തീകരിച്ചു
[2] തണ്ടര്‍ബോള്‍ട്ട് കമാന്‍ഡോകള്‍, 10 ഡോഗ് സ്‌ക്വാഡ്, സംസ്ഥാനത്തെ വിദഗ്ധരായ 160 ബോംബ് ഡിറ്റക്ഷന്‍ ടീം, ഷാഡോ പോലീസ്, വനിതാപോലീസ് എന്നിങ്ങനെ സുശക്തമായ കാവലിലാണ് ഇത്തവണത്തെ പൂരം നടക്കുക
[3] ഭീകരാക്രമണ ഭീഷണിയുടെ പശ്ചാത്തലത്തില്‍ കര്‍ശന നിയന്ത്രങ്ങളോടെയും കരുതലോടെയുമാണ് പോലീസ് പരിശോധനയും സുരക്ഷാ പദ്ധതികളും നടപ്പിലാക്കുക
[4] അഞ്ച് ഐ.പി.എസ്
[5] ട്രെയ്‌നീസ്, 30 ഡിവൈ.എസ്.പിമാര്‍, 60 സി.ഐ, 300 എസ്.ഐ, 3000 പോലീസ് ഉദ്യോഗസ്ഥര്‍, 250 വനിതാ പോലീസ്, 130 എസ്.ഐ
[6] ട്രെയിനീസ് എന്നിവരാണ് ഡ്യൂട്ടിക്കെത്തുക
[7] തൃശൂര്‍ റേഞ്ച് ഐ.ജി
[8] ബല്‍റാം കുമാര്‍ ഉപാധ്യായ, സിറ്റി പോലീസ് കമ്മിഷണര്‍ യതീഷ്ചന്ദ്ര എന്നിവരുടെ മേല്‍നോട്ടത്തിലാണ് സുരക്ഷയൊരുക്കുക
[9] വടക്കുന്നാഥ ക്ഷേത്രം, തേക്കിന്‍കാട് മൈതാനം, സ്വരാജ് റൗണ്ടും പരിസരങ്ങളും എന്നിവിടങ്ങളില്‍ സി.സി.ടി.വി
[10] ക്യാമറയുടെ വലയത്തിലാകും
[11] 80 ക്യാമറകളിലൂടെ തത്സമയം മിഴിവുറ്റ വീഡിയോചിത്രങ്ങള്‍ കണ്‍ട്രോള്‍ റൂമില്‍ ലഭ്യമാക്കി പോലീസ് വീക്ഷിക്കും","തണ്ടർബോൾട്ട് കമാൻഡോകൾ, 10 ഡോഗ് സ്ക്വാഡ്, സംസ്ഥാനത്തെ വിദഗ്ധരായ 160 ബോംബ് ഡിറ്റക്ഷൻ ടീം, ഷാഡോ പോലീസ്, വനിതാപോലീസ് എന്നിങ്ങനെ സുശക്തമായ കാവലിലാണ് ഇത്തവണത്തെ പൂരം നടക്കുക. സാമ്പിൾവെടിക്കെട്ട് നടക്കുന്ന മേയ് 11 മുതൽ 14 ന് പൂരം ഉപചാരം ചൊല്ലി പിരിയുംവരെയുള്ള പോലീസ് ഡ്യൂട്ടി വിന്യാസം പൂർത്തീകരിച്ചു.",
8600,"[0] കൊച്ചി∙ സ്വർണക്കടത്തുമായി ബന്ധപ്പെട്ട് എൻഫോഴ്സ്മെന്റ് ഡയറക്ടറേറ്റ് എടുത്ത കള്ളപ്പണക്കേസിൽ ജാമ്യം തേടി മുഖ്യമന്ത്രിയുടെ മുൻ പ്രിൻസിപ്പൽ സെക്രട്ടറി എം
[1] ശിവശങ്കർ ഹൈക്കോടതിയിൽ ഹർജി സമർപ്പിച്ചു
[2] തനിക്കെതിരായ കള്ളപ്പണക്കേസ് കെട്ടിച്ചമച്ചതാണെന്നും വ്യക്തമായ തെളിവുകളില്ലെന്നും അടിസ്ഥാന രഹിതമായ ആരോപണങ്ങളാണ് ചുമത്തിയിരിക്കുന്നത് എന്നും കാണിച്ചാണ് ഹർജി സമർപ്പിച്ചിരിക്കുന്നത്
[3] കീഴ്ക്കോടതിയിൽ സമർപ്പിച്ച ഹർജിയിൽ ഉയർത്തിയ അതേ വാദങ്ങളാണ് ശിവശങ്കർ ഹൈക്കോടതിയിലും സമർപ്പിച്ചിരിക്കുന്നത്
[4] ഫയലിൽ സ്വീകരിച്ച ഹർജി കോടതി നാളെ പരിഗണിച്ചേക്കും",സ്വർണക്കടത്തുമായി ബന്ധപ്പെട്ട് എൻഫോഴ്സ്മെന്റ് ഡയറക്ടറേറ്റ് എടുത്ത കള്ളപ്പണക്കേസിൽ ജാമ്യം തേടി മുഖ്യമന്ത്രിയുടെ മുൻ പ്രിൻസിപ്പൽ സെക്രട്ടറി എം. തനിക്കെതിരായ കള്ളപ്പണക്കേസ് കെട്ടിച്ചമച്ചതാണെന്നും വ്യക്തമായ തെളിവുകളില്ലെന്നും അടിസ്ഥാന രഹിതമായ ആരോപണങ്ങളാണ് ചുമത്തിയിരിക്കുന്നത് എന്നും കാണിച്ചാണ് ഹർജി സമർപ്പിച്ചിരിക്കുന്നത്.,
22853,"[0] ന്യൂഡൽഹി∙ യുപിയിലെ കാന്‍പുരില്‍ സുഗന്ധ വ്യാപാരി പിയൂഷ് ജെയ്നിന്റെ സ്ഥാപനങ്ങളില്‍ നടത്തിയ റെയ്ഡില്‍ പിടിച്ചെടുത്തത് 177.45 കോടി രൂപ
[1] പിയൂഷ് ജെയ്നുമായും രണ്ട് പങ്കാളികളുമായും ബന്ധപ്പെട്ട 11 ഇടങ്ങളിലാണ് രണ്ട‍ു ദിവസം നീണ്ട റെയ്ഡ് ഡയറക്ടറേറ്റ് ജനറല്‍ ഓഫ് ജിഎസ്ടി ഇന്റലിജന്‍സ് സംഘം നടത്തിയത്
[2] പിയൂഷിന്റെയും പങ്കാളികളുടെയും അധീനതയിലുള്ള ഫാക്ടറി ഔട്ട്​ലെറ്റുകൾ, ഓഫിസുകൾ, കോൾഡ് സ്റ്റോറജുകൾ, പെട്രോൾ പമ്പുകൾ എന്നിവിടങ്ങളിലാണ് പരിശോധന നടന്നത്
[3] കൂടുതല്‍ റെയ്ഡുകള്‍ക്ക് സാധ്യതയുണ്ടെന്നാണ് വിവരം",പിയൂഷ് ജെയ്നുമായും രണ്ട് പങ്കാളികളുമായും ബന്ധപ്പെട്ട 11 ഇടങ്ങളിലാണ് രണ്ടു ദിവസം നീണ്ട റെയ്ഡ് ഡയറക്ടറേറ്റ് ജനറൽ ഓഫ് ജിഎസ്ടി ഇന്റലിജൻസ് സംഘം നടത്തിയത്. യുപിയിലെ കാൻപുരിൽ സുഗന്ധ വ്യാപാരി പിയൂഷ് ജെയ്നിന്റെ സ്ഥാപനങ്ങളിൽ നടത്തിയ റെയ്ഡിൽ പിടിച്ചെടുത്തത് 177.45 കോടി രൂപ.,
87335,"[0] പത്തനംതിട്ട: മണിയാര്‍ ബാരേജിലും മൂഴിയാര്‍ ഡാമിലും ജലനിരപ്പ് ഉയര്‍ന്നു കൊണ്ടിരിക്കുന്ന സാഹചര്യത്തില്‍ ജാഗ്രത നിര്‍ദേശം പുറപ്പെടുവിച്ച് ജില്ലാ ഭരണകൂടം
[1] പത്തനംതിട്ട ജില്ലയിലെ പമ്പാ ജലസേചന പദ്ധതിയുടെ ഭാഗമായ മണിയാര്‍ ബാരേജിലും, കക്കാട് ജലവൈദ്യുത പദ്ധതിയുടെ ഭാഗമായ ഡാമുകളില്‍ ഒന്നായ മൂഴിയാര്‍ ഡാമിലും ജല നിരപ്പ് ഉയര്‍ന്നു കൊണ്ടിരിക്കുകയാണ്
[2] ഗുലാബ് ചുഴലിക്കാറ്റിന്റെ പശ്ചാത്തലം, കാലാവസ്ഥാ നിരീക്ഷണ കേന്ദ്രവും, സംസ്ഥാന ദുരന്ത നിവാരണ അതോറിറ്റിയും നല്‍കിയ ശക്തമായ മഴയ്ക്കുള്ള (യെല്ലോ അലര്‍ട്ട്) മുന്നറിയിപ്പ്, ജില്ലയില്‍ ശക്തമായ മഴ തുടരുന്ന സാഹചര്യം എന്നിവ നിലവിലുണ്ടെന്നും ജില്ലാ ഭരണകൂടം അറിയിച്ചു
[3] മൂഴിയാര്‍ ഡാമിലെ ജലനിരപ്പ് നിലവില്‍ 192.63 മീറ്ററായി ഉയര്‍ന്നതിനാല്‍ മൂഴിയാര്‍ ഡാമിന്റെ മൂന്നു ഷട്ടറുകള്‍ 50 സെ.മി എന്ന തോതില്‍ ഉയര്‍ത്തി ജലം പുറത്തേക്കു ഒഴുക്കി വിട്ടുകൊണ്ടിരിക്കുകയാണ്
[4] മണിയാര്‍ ബാരേജിലെ ജലനിരപ്പ് ഉയരുന്ന പക്ഷം ജലനിരപ്പ് 34.62 മീറ്ററായി ക്രമീകരിക്കുന്നതിനായി മുന്നറിയിപ്പ് പിന്‍വലിക്കുന്നതുവരെ ഏതു സമയത്തും മണിയാര്‍ ബാരേജിന്റെ ഷട്ടറുകള്‍ പരമാവധി 150 സെ.മി എന്ന തോതില്‍ ഉയര്‍ത്തേണ്ടതായും വന്നേക്കാം","ഗുലാബ് ചുഴലിക്കാറ്റിന്റെ പശ്ചാത്തലം, കാലാവസ്ഥാ നിരീക്ഷണ കേന്ദ്രവും, സംസ്ഥാന ദുരന്ത നിവാരണ അതോറിറ്റിയും നൽകിയ ശക്തമായ മഴയ്ക്കുള്ള (യെല്ലോ അലർട്ട്) മുന്നറിയിപ്പ്, ജില്ലയിൽ ശക്തമായ മഴ തുടരുന്ന സാഹചര്യം എന്നിവ നിലവിലുണ്ടെന്നും ജില്ലാ ഭരണകൂടം അറിയിച്ചു. മണിയാർ ബാരേജിലെ ജലനിരപ്പ് ഉയരുന്ന പക്ഷം ജലനിരപ്പ് 34.62 മീറ്ററായി ക്രമീകരിക്കുന്നതിനായി മുന്നറിയിപ്പ് പിൻവലിക്കുന്നതുവരെ ഏതു സമയത്തും മണിയാർ ബാരേജിന്റെ ഷട്ടറുകൾ പരമാവധി 150 സെ.മി എന്ന തോതിൽ ഉയർത്തേണ്ടതായും വന്നേക്കാം.",
2630,"[0] കൊച്ചി ∙ മനുഷ്യ ഹൃദയത്തിന്റെ താളപ്പിഴകൾ പരിഹരിച്ചിരുന്നൊരാൾ പെട്ടെന്നു തൃക്കാക്കര മണ്ഡലത്തിന്റെ ഹൃദയമിടിപ്പറിയാൻ ഇറങ്ങുമ്പോൾ പരിഭ്രമം അശേഷമില്ല
[1] ഇടതു സ്ഥാനാർഥി ജോ ജോസഫിന് ആദ്യ ദിനം സഭാകമ്പങ്ങളില്ലാതെയായിരുന്നു
[2] ശീലമല്ലാത്ത പല കാര്യങ്ങൾ സംഭവിച്ച ദിവസമായിരുന്നു എന്ന പ്രത്യേകത മാത്രം",∙ മനുഷ്യ ഹൃദയത്തിന്റെ താളപ്പിഴകൾ പരിഹരിച്ചിരുന്നൊരാൾ പെട്ടെന്നു തൃക്കാക്കര മണ്ഡലത്തിന്റെ ഹൃദയമിടിപ്പറിയാൻ ഇറങ്ങുമ്പോൾ പരിഭ്രമം അശേഷമില്ല. ഇടതു സ്ഥാനാർഥി ജോ ജോസഫിന് ആദ്യ ദിനം സഭാകമ്പങ്ങളില്ലാതെയായിരുന്നു.,
10221,"[0] കോട്ടയം∙ ആര്‍എസ്എസ് അക്രമങ്ങളെ കോണ്‍ഗ്രസ് അപലപിക്കുന്നില്ലെന്ന മുഖ്യമന്ത്രിയുടെ ആരോപണത്തിനു മറുപടിയുമായി പ്രതിപക്ഷനേതാവ് രമേശ് ചെന്നിത്തല
[1] സിപിഎം പറയുന്നതുപോലെ പ്രവര്‍ത്തിക്കാനല്ല കോണ്‍ഗ്രസ് ഇരിക്കുന്നതെന്ന് അദ്ദേഹം പറഞ്ഞു
[2] കോണ്‍ഗ്രസിനെ പഠിപ്പിക്കാന്‍ സിപിഎം വരേണ്ട
[3] ആര്‍എസ്എസിനെ ശക്തിപ്പെടുത്തുകയാണു മുഖ്യമന്ത്രിയുടെ അജന്‍ഡ",ആർഎസ്എസ് അക്രമങ്ങളെ കോൺഗ്രസ് അപലപിക്കുന്നില്ലെന്ന മുഖ്യമന്ത്രിയുടെ ആരോപണത്തിനു മറുപടിയുമായി പ്രതിപക്ഷനേതാവ് രമേശ് ചെന്നിത്തല. സിപിഎം പറയുന്നതുപോലെ പ്രവർത്തിക്കാനല്ല കോൺഗ്രസ് ഇരിക്കുന്നതെന്ന് അദ്ദേഹം പറഞ്ഞു.,
1684,"[0] തിരുവനന്തപുരം ∙ ബിനീഷ് കോടിയേരിയുടെ വീട്ടിലെ റെയ്ഡിൽ പരസ്യനിലപാട് എടുക്കാതിരുന്ന സിപിഎം, അണിയറയിൽ എല്ലാ സന്നാഹങ്ങളുമായി തയാറെടുത്തു","∙ ബിനീഷ് കോടിയേരിയുടെ വീട്ടിലെ റെയ്ഡിൽ പരസ്യനിലപാട് എടുക്കാതിരുന്ന സിപിഎം, അണിയറയിൽ എല്ലാ സന്നാഹങ്ങളുമായി തയാറെടുത്തു.",
37104,"[0] കെപിഎസി ലളിതയ്ക്ക് അന്ത്യാഞ്ജലി അര്‍പ്പിച്ച് മല്ലിക സുകുമാരനും പൃഥ്വിരാജും
[1] തൃപ്പൂണിത്തുറ ലായം റോഡിലെ കൂത്തമ്പലത്തിൽ എത്തിയാണ് ഇരുവരും ആദരാഞ്ജലികൾ അർപ്പിച്ചത്
[2] പ്രിയസഹപ്രവര്‍ത്തകയെ അവസാനമായി കാണാനെത്തിയ മല്ലിക പൊട്ടിക്കരഞ്ഞത് നൊമ്പരക്കാഴ്ചയായി",തൃപ്പൂണിത്തുറ ലായം റോഡിലെ കൂത്തമ്പലത്തിൽ എത്തിയാണ് ഇരുവരും ആദരാഞ്ജലികൾ അർപ്പിച്ചത്. ലളിതയ്ക്ക് അന്ത്യാഞ്ജലി അർപ്പിച്ച് മല്ലിക സുകുമാരനും പൃഥ്വിരാജും.,
13287,"[0] ന്യൂഡൽഹി ∙ കോവിഡ് പിടിപെട്ടവർ 4– 8 ആഴ്ച വരെ വാക്സീനെടുക്കുന്നത് ഒഴിവാക്കണമെന്ന് ആരോഗ്യമന്ത്രാലയം
[1] അതേസമയം, എപ്പോൾ എടുക്കാമെന്ന കാര്യത്തിൽ ആരോഗ്യമന്ത്രാലയത്തിനോ വിദഗ്ധർക്കോ ഏകാഭിപ്രായമില്ല.ആദ്യ ഡോസ് എടുക്കും മുൻപ് വൈറസ് ബാധിച്ചാൽ 90 ദിവസത്തേക്കെങ്കിലും കുത്തിവയ്പ് ഒഴിവാക്കണമെന്നാണ് യുഎസ് സെന്റർ ഫോർ ഡിസീസ് കൺട്രോൾ ആൻഡ് പ്രിവൻഷൻ ചൂണ്ടിക്കാട്ടുന്നത്","അതേസമയം, എപ്പോൾ എടുക്കാമെന്ന കാര്യത്തിൽ ആരോഗ്യമന്ത്രാലയത്തിനോ വിദഗ്ധർക്കോ ഏകാഭിപ്രായമില്ല.ആദ്യ ഡോസ് എടുക്കും മുൻപ് വൈറസ് ബാധിച്ചാൽ 90 ദിവസത്തേക്കെങ്കിലും കുത്തിവയ്പ് ഒഴിവാക്കണമെന്നാണ് യുഎസ് സെന്റർ ഫോർ ഡിസീസ് കൺട്രോൾ ആൻഡ് പ്രിവൻഷൻ ചൂണ്ടിക്കാട്ടുന്നത്. ∙ കോവിഡ് പിടിപെട്ടവർ 4- 8 ആഴ്ച വരെ വാക്സീനെടുക്കുന്നത് ഒഴിവാക്കണമെന്ന് ആരോഗ്യമന്ത്രാലയം.",
86512,"[0] മുളന്തുരുത്തി: കൊച്ചിയിൽ യുവാവിനെ പെരുമ്പിള്ളിയിൽ വടിവാൾ ആക്രമണത്തിൽ യുവാവ് മരിച്ചു
[1] മുളന്തുരുത്തി പെരുമ്പിള്ളി കളിക്കളം റോഡിൽ മലേക്കുരിശിന് സമീപത്ത് ഇച്ചിരവേലിൽ ജോജി മത്തായി(24)യാണ് മരിച്ചത്
[2] തിങ്കളാഴ്ച വൈകിട്ട് അഞ്ച് മണിയോടെയാണ് സംഭവം
[3] വൈകിട്ട് രണ്ട് ബൈക്കുകളിലായെത്തിയ സംഘമാണ് വീട്ടിനുള്ളിൽ കയറി ജോജിയെ വെട്ടിപ്പരിക്കേൽപ്പിച്ചത്
[4] ആക്രമണം തടയാൻ ശ്രമിക്കുന്നതിനിടെ പിതാവിനും പരിക്കേറ്റിരുന്നു
[5] കാലിനാണ് വെട്ടേറ്റിട്ടുള്ളത്
[6] സംഭവം നടന്ന് ഉടനെ തന്നെ അച്ഛനെയും മകനെയും ആശുപത്രിയിലെത്തിച്ചെങ്കിലും ജോജിയെ രക്ഷിക്കാൻ കഴിഞ്ഞില്ല
[7] നെഞ്ചിനേറ്റ വെട്ടാണ് മരണകാരണമെന്നാണ് സൂചന
[8] ആക്രമണത്തിന് തൊട്ടുപിന്നാലെ അക്രമികൾ വടിവാൾ അടക്കമുള്ള ആയുധങ്ങളും എത്തിയ ബൈക്കും ഉപേക്ഷിച്ച് ഓടി രക്ഷപ്പെടുകയായിരുന്നുവെന്നാണ് ദൃക്സാക്ഷികൾ നൽകുന്ന വിവരം
[9] എന്നാൽ ആക്രമണത്തിന് പിന്നിലുള്ള കാരണം വ്യക്തമല്ല
[10] സംഭത്തിൽ പോലീസ് പ്രതികൾക്ക് വേണ്ടി അന്വേഷണം ആരംഭിച്ചിട്ടുണ്ട്
[11] മുളന്തുരുത്തി പോലീസിനാണ് അന്വേഷണച്ചുമതല",മുളന്തുരുത്തി പെരുമ്പിള്ളി കളിക്കളം റോഡിൽ മലേക്കുരിശിന് സമീപത്ത് ഇച്ചിരവേലിൽ ജോജി മത്തായി(24)യാണ് മരിച്ചത്. ആക്രമണത്തിന് തൊട്ടുപിന്നാലെ അക്രമികൾ വടിവാൾ അടക്കമുള്ള ആയുധങ്ങളും എത്തിയ ബൈക്കും ഉപേക്ഷിച്ച് ഓടി രക്ഷപ്പെടുകയായിരുന്നുവെന്നാണ് ദൃക്സാക്ഷികൾ നൽകുന്ന വിവരം.,
7104,"[0] തിരുവനന്തപുരം∙ സംസ്ഥാനത്ത് ഇന്ന് 83 പേർക്കു കോവിഡ് രോഗം സ്ഥിരീകരിച്ചു
[1] ഇന്ന് 62 പേർ രോഗമുക്തി നേടി
[2] ഒരാൾ മരിച്ചു
[3] കണ്ണൂർ ഇരിട്ടി സ്വദേശി പി.കെ
[4] മുഹമ്മദ് ആണ് മരിച്ചത്
[5] അദ്ദേഹത്തിന് ഗുരുതരമായ കരള്‍ രോഗം ബാധിച്ചിരുന്നു
[6] ഇന്നലെയാണ് രോഗം സ്ഥിരീകരിച്ചത്
[7] ഇന്ന് രോഗം ബാധിച്ചവരില്‍ 27 പേർ വിദേശത്ത് നിന്ന് എത്തിയതാണ്
[8] മറ്റ് സംസ്ഥാനങ്ങളിൽനിന്ന് 37 പേർ
[9] സമ്പർക്കം മൂലം 14 പേർക്ക് രോഗം ബാധിച്ചു
[10] അഞ്ച് ആരോഗ്യപ്രവർത്തകർക്കും രോഗം ബാധിച്ചു
[11] തൃശൂരിൽ സമ്പർക്കം മൂലം രോഗം വന്നവരിൽ 4 പേർ കോർപറേഷൻ ശുചീകരണ തൊഴിലാളികളാണ്
[12] 4 പേർ വെയർ ഹൗസിൽ ഹെഡ് ലോഡിങ് തൊഴിലാളികളാണ്
[13] മറ്റു സംസ്ഥാനങ്ങളിൽനിന്ന് രോഗബാധ സ്ഥിരീകരിച്ചവർ– മഹാരാഷ്ട്ര 20, ഡൽഹി 7
[14] തമിഴ്നാട് 4, കർണാടക 4, ബംഗാൾ 1, മധ്യപ്രദേശ് 1 എന്നിങ്ങനെ ആണെന്നും മുഖ്യമന്ത്രി പിണറായി വിജയൻ പറഞ്ഞു","തമിഴ്നാട് 4, കർണാടക 4, ബംഗാൾ 1, മധ്യപ്രദേശ് 1 എന്നിങ്ങനെ ആണെന്നും മുഖ്യമന്ത്രി പിണറായി വിജയൻ പറഞ്ഞു. മറ്റു സംസ്ഥാനങ്ങളിൽനിന്ന് രോഗബാധ സ്ഥിരീകരിച്ചവർ- മഹാരാഷ്ട്ര 20, ഡൽഹി 7.",
7890,"[0] മോസ്കോ∙ കോവിഡ്–19നെ പ്രതിരോധിക്കാൻ റഷ്യയുടെ സ്പുട്നിക് 5 വാക്സീൻ 92% ഫലപ്രദമാണെന്ന് റിപ്പോർട്ട്
[1] റഷ്യൻ ആരോഗ്യ മന്ത്രാലയം പുറത്തുവിട്ട ആഭ്യന്തര പരീക്ഷണഫലത്തെക്കുറിച്ചുള്ള റിപ്പോർട്ടിലാണ് ഇക്കാര്യം ഉള്ളത്
[2] മറ്റു വാക്സീൻ നിർമാതാക്കളായ ഫസൈർ, ബയോഎൻടെക് എന്നീ കമ്പനികൾ ഈയാഴ്ച അവരുടെ പരീക്ഷണത്തിന്റെ ഫലങ്ങൾ പുറത്തുവിട്ടിരുന്നു
[3] ഇരു കമ്പനികളും 90 ശതമാനത്തിലധികം ഫലപ്രാപ്തി വാക്സീനു പറയുന്നുണ്ട്","കോവിഡ്-19നെ പ്രതിരോധിക്കാൻ റഷ്യയുടെ സ്പുട്നിക് 5 വാക്സീൻ 92% ഫലപ്രദമാണെന്ന് റിപ്പോർട്ട്. മറ്റു വാക്സീൻ നിർമാതാക്കളായ ഫസൈർ, ബയോഎൻടെക് എന്നീ കമ്പനികൾ ഈയാഴ്ച അവരുടെ പരീക്ഷണത്തിന്റെ ഫലങ്ങൾ പുറത്തുവിട്ടിരുന്നു.",
14536,"[0] ന്യൂഡൽഹി ∙ ഭിന്നതാൽപര്യങ്ങളുള്ള ആരോഗ്യ, രാസവള മന്ത്രാലയങ്ങളുടെ തലപ്പത്ത് ഒരേ ആൾ എത്തുന്നത് ഇതാദ്യമാണ്
[1] കേന്ദ്രമന്ത്രി മൻസുഖ് മാണ്ഡവ്യയ്ക്കാണ് ഇരുവകുപ്പുകളുടെയും ചുമതല
[2] കോവിഡ് സാഹചര്യത്തിൽ 2 മന്ത്രാലയങ്ങളും ഒന്നിച്ചുപോകേണ്ടതുണ്ടെന്ന ന്യായം സർക്കാർ വൃത്തങ്ങൾ ഉയർത്തുമ്പോഴും ഭിന്നതാൽപര്യങ്ങൾ പ്രശ്നങ്ങൾ സൃഷ്ടിക്കുമെന്നു കരുതുന്നവരുണ്ട്
[3] ആരോഗ്യസേവനത്തിനാണ് ആരോഗ്യമന്ത്രാലയത്തിന്റെ ഊന്നലെങ്കിൽ രാസവള മന്ത്രാലയത്തിനു മരുന്നുകമ്പനികളുടെ താൽപര്യങ്ങൾ കൂടി സംരക്ഷിക്കേണ്ടി വരുമെന്നതാണു പ്രശ്നം","കോവിഡ് സാഹചര്യത്തിൽ 2 മന്ത്രാലയങ്ങളും ഒന്നിച്ചുപോകേണ്ടതുണ്ടെന്ന ന്യായം സർക്കാർ വൃത്തങ്ങൾ ഉയർത്തുമ്പോഴും ഭിന്നതാൽപര്യങ്ങൾ പ്രശ്നങ്ങൾ സൃഷ്ടിക്കുമെന്നു കരുതുന്നവരുണ്ട്. ∙ ഭിന്നതാൽപര്യങ്ങളുള്ള ആരോഗ്യ, രാസവള മന്ത്രാലയങ്ങളുടെ തലപ്പത്ത് ഒരേ ആൾ എത്തുന്നത് ഇതാദ്യമാണ്.",
10351,"[0] തിരുവനന്തപുരം∙ ശബരിമല യുവതീപ്രവേശത്തെത്തുടര്‍ന്ന് ശബരിമല കര്‍മസമതി ഇന്നലെ പ്രഖ്യാപിച്ച ഹര്‍ത്താലിനോട് അനുബന്ധിച്ച് തുടങ്ങിയ അക്രമസംഭവങ്ങള്‍ തുടരുന്നു
[1] ഹർത്താൽ അക്രമങ്ങൾക്കു പിന്നാലെ തിരുവനന്തപുരത്തും കണ്ണൂരിലും പത്തനംതിട്ടയിലും വീണ്ടും സംഘര്‍ഷം
[2] കാട്ടാക്കടയിലും നെടുമങ്ങാടും വലിയമലയിലും വീടുകള്‍ക്ക് നേരെ വ്യാപക ആക്രമണമാണുണ്ടായത്
[3] നെടുമങ്ങാട്ടും വലിയമലയിലും ആക്രമിക്കപ്പെട്ടത് സിപിഎമ്മുകാരുടെ വീടുകളാണ്
[4] കാട്ടാക്കടയില്‍ ബിജെപി പ്രവര്‍ത്തകന്‍റെ വീടിനുനേരെയായിരുന്നു ആക്രമണം
[5] പന്തയില്‍ ഷിബുവിന്‍റെ വീട്ടിലെ ജന്നലും കാറും എറിഞ്ഞ് തകര്‍ത്തു",ശബരിമല യുവതീപ്രവേശത്തെത്തുടർന്ന് ശബരിമല കർമസമതി ഇന്നലെ പ്രഖ്യാപിച്ച ഹർത്താലിനോട് അനുബന്ധിച്ച് തുടങ്ങിയ അക്രമസംഭവങ്ങൾ തുടരുന്നു. ഹർത്താൽ അക്രമങ്ങൾക്കു പിന്നാലെ തിരുവനന്തപുരത്തും കണ്ണൂരിലും പത്തനംതിട്ടയിലും വീണ്ടും സംഘർഷം.,
18713,"[0] ന്യൂഡൽഹി ∙ മുൻ ധനമന്ത്രി പി
[1] ചിദംബരത്തിന്റെ കസ്റ്റഡി ആവശ്യപ്പെട്ടു സിബിഐ നൽകിയ ഹർ‍ജിയിൽ ഡൽഹി റൗസ് അവന്യുവിലെ പ്രത്യേക സിബിഐ കോടതിയിൽ ജഡ്ജി അജയ് കുമാർ കുഹാർ മുൻപാകെ ഇന്നലെ ഉച്ചതിരിഞ്ഞ് 3.35 നാണ് വാദം തുടങ്ങിയത്
[2] വാദം ഒന്നരമണിക്കൂർ നീണ്ടു
[3] 4 ദിവസം കസ്റ്റഡി അനുവദിച്ചുള്ള ഉത്തരവു വന്നത് ഒന്നര മണിക്കൂർകൂടി കഴിഞ്ഞ്",ചിദംബരത്തിന്റെ കസ്റ്റഡി ആവശ്യപ്പെട്ടു സിബിഐ നൽകിയ ഹർജിയിൽ ഡൽഹി റൌസ് അവന്യുവിലെ പ്രത്യേക സിബിഐ കോടതിയിൽ ജഡ്ജി അജയ് കുമാർ കുഹാർ മുൻപാകെ ഇന്നലെ ഉച്ചതിരിഞ്ഞ് 3.35 നാണ് വാദം തുടങ്ങിയത്. 4 ദിവസം കസ്റ്റഡി അനുവദിച്ചുള്ള ഉത്തരവു വന്നത് ഒന്നര മണിക്കൂർകൂടി കഴിഞ്ഞ്.,
64472,"[0] വ്യാജ വെബ് സൈറ്റിലൂടെ ജോലി വാഗ്ദാനം ചെയ്താണ് ഇടപാടുകരാരെ സംഘം കണ്ടെത്തിയത്
[1] ആവശ്യക്കാരെ വിശ്വസിപ്പിയ്ക്കുന്നതിനായി വ്യാജ തൊഴില്‍ കരാറുകളും ഔദ്യോഗിക രേഖകളും രൂപപ്പെടുത്തിയാണ് സാങ്കേതിക വിദഗ്ദനാര പ്രതികള്‍ പണം തട്ടിയത്
[2] സംഘത്തിനെതിരെ ഒട്ടേറെ പരാതികള്‍ ലഭിച്ചിരുന്നു
[3] കബളിപ്പിയ്ക്കപ്പെട്ടവരില്‍ അധികവും യുവാക്കളായിരുന്നു
[4] പൊലീസ് നടത്തിയ ആസൂത്രിതമായ നീക്കത്തിലൂടെയാണ് പ്രതികളെ കുടുക്കിയത്",ആവശ്യക്കാരെ വിശ്വസിപ്പിയ്ക്കുന്നതിനായി വ്യാജ തൊഴിൽ കരാറുകളും ഔദ്യോഗിക രേഖകളും രൂപപ്പെടുത്തിയാണ് സാങ്കേതിക വിദഗ്ദനാര പ്രതികൾ പണം തട്ടിയത്. വെബ് സൈറ്റിലൂടെ ജോലി വാഗ്ദാനം ചെയ്താണ് ഇടപാടുകരാരെ സംഘം കണ്ടെത്തിയത്.,
52178,"[0] ദുബായ്: ഇന്ത്യാക്കാരടക്കമുള്ള വിദേശികള്‍ വരുമാനത്തില്‍ ഭൂരിഭാഗവും സ്വന്തം രാജ്യത്തേക്കയക്കുന്നത് യുഎഇയുടെ സമ്പദ്ഘടനയെ പ്രതികൂലമായി ബാധിക്കുന്നുവെന്ന് റിപ്പോര്‍ട്ട്
[1] ഇതു തടയാന്‍ യുഎഇയില്‍ തന്നെ നിക്ഷേപം നടത്തുവാനും തങ്ങളുടെ കുടുംബത്തെ ജോലിസ്ഥലത്തേക്കു കൊണ്ടുവരാനും വിദേശജോലിക്കാരെ പ്രേരിപ്പിക്കാന്‍ സര്‍ക്കാര്‍ പദ്ധതികള്‍ തയ്യാറാക്കണമെന്നും റിപ്പോര്‍ട്ടിലാവശ്യപ്പെടുന്നു",ഇതു തടയാൻ യുഎഇയിൽ തന്നെ നിക്ഷേപം നടത്തുവാനും തങ്ങളുടെ കുടുംബത്തെ ജോലിസ്ഥലത്തേക്കു കൊണ്ടുവരാനും വിദേശജോലിക്കാരെ പ്രേരിപ്പിക്കാൻ സർക്കാർ പദ്ധതികൾ തയ്യാറാക്കണമെന്നും റിപ്പോർട്ടിലാവശ്യപ്പെടുന്നു. ഇന്ത്യാക്കാരടക്കമുള്ള വിദേശികൾ വരുമാനത്തിൽ ഭൂരിഭാഗവും സ്വന്തം രാജ്യത്തേക്കയക്കുന്നത് യുഎഇയുടെ സമ്പദ്ഘടനയെ പ്രതികൂലമായി ബാധിക്കുന്നുവെന്ന് റിപ്പോർട്ട്.,
34348,"[0] സാൻഫ്രാൻസിസ്കോ ∙ ഒരു മാസം മുൻപുണ്ടായ പാസ്‌വേഡ് സുരക്ഷാ പാളിച്ച നേരത്തെ കണക്കാക്കിയിരുന്നതിനെക്കാൾ ദശലക്ഷക്കണക്കിന് ഇൻസ്റ്റഗ്രാം ഉപയോക്താക്കളെ ബാധിച്ചതായി ഫെസ്ബുക് അറിയിച്ചു
[1] തങ്ങൾ നേരത്തെ അറിയിച്ചതിനെക്കാൾ പതിന്മടങ്ങു പേരെ ബാധിച്ചതായി ഫെസ്ബുക് ബ്ലോഗ് പോസ്റ്റിൽ അറിയിച്ചു
[2] ആയിരക്കണക്കിനാളുകളെ ബാധിച്ചെന്നാണു നേരത്തേ ഫെസ്ബുക് അറിയിച്ചിരുന്നത്",∙ ഒരു മാസം മുൻപുണ്ടായ പാസ്വേഡ് സുരക്ഷാ പാളിച്ച നേരത്തെ കണക്കാക്കിയിരുന്നതിനെക്കാൾ ദശലക്ഷക്കണക്കിന് ഇൻസ്റ്റഗ്രാം ഉപയോക്താക്കളെ ബാധിച്ചതായി ഫെസ്ബുക് അറിയിച്ചു. തങ്ങൾ നേരത്തെ അറിയിച്ചതിനെക്കാൾ പതിന്മടങ്ങു പേരെ ബാധിച്ചതായി ഫെസ്ബുക് ബ്ലോഗ് പോസ്റ്റിൽ അറിയിച്ചു.,
62675,"[0] വരാനിരിക്കുന്ന പാര്‍ലമെന്റ് തിരഞ്ഞെടുപ്പില്‍ പരമാവധി സീറ്റുകളില്‍ കോണ്‍ഗ്രസ് മത്സരിക്കണം എന്നാണ് തന്റെ ആഗ്രഹമെം
[1] ഇപ്പോള്‍ കേരള കോണ്‍ഗ്രസിന് ഒരു പാര്‍ലമെന്റ് സീറ്റുണ്ട്
[2] തത്കാലം അത് മതിയെന്നും പിസി ജോര്‍ജ്ജ് പറഞ്ഞു
[3] എന്നാല്‍ ഇത് തന്റെ വ്യക്തിപരമായ അഭിപ്രായമാണെന്നും പര്‍ട്ടിയുടെ അഭിപ്രായമല്ലെന്നും പിസി ജോര്‍ജ്ജ് പറഞ്ഞു
[4] കേരള കോണ്‍ഗ്രസിന് ഇത്തവണ രണ്ട് പാര്‍ലമെന്‍റ് സീറ്റുകള്‍ വേണം എന്ന് ആവശ്യം ഉയരുന്ന സാഹചര്യത്തിലാണ് ജോര്‍ജിന്‍റെ പ്രസ്താവന
[5] കോണ്‍ഗ്രിസിന് തന്നോട് എതിര്‍പ്പില്ല
[6] ഫ്രാന്സിസ് ജോര്‍ജ്ജിന് വേണ്ടി താന്‍ ഇടുക്കി സീറ്റ് ആവശ്യപ്പെടുകയാണ് എന്ന തെറ്റിദ്ധാരണ മാത്രമായിരുന്നു
[7] കാര്യങ്ങള്‍ വിശദീകരിച്ചപ്പോള്‍ ആ തെറ്റിദ്ധാരണ മാറിയെന്നും പിസി ജോര്‍ജ്ജ് പറഞ്ഞു",കേരള കോൺഗ്രസിന് ഇത്തവണ രണ്ട് പാർലമെൻറ് സീറ്റുകൾ വേണം എന്ന് ആവശ്യം ഉയരുന്ന സാഹചര്യത്തിലാണ് ജോർജിൻറെ പ്രസ്താവന. ഫ്രാന്സിസ് ജോർജ്ജിന് വേണ്ടി താൻ ഇടുക്കി സീറ്റ് ആവശ്യപ്പെടുകയാണ് എന്ന തെറ്റിദ്ധാരണ മാത്രമായിരുന്നു.,
24445,"[0] കോഴിക്കോട് ∙ തനിക്ക് ഓർമക്കുറവാണെന്നു പറയുന്നവരോട് താൻ മലയാളത്തിൽ കൊണ്ടുവന്ന ദേശീയ പുരസ്കാരങ്ങൾ ഓർത്താൽ മതിയെന്ന് മുൻ ചലച്ചിത്ര അക്കാദമി ചെയർമാൻ ഷാജി എൻ.കരുണ്‍
[1] രാജ്യാന്തര ചലച്ചിത്ര മേള ഉദ്ഘാടനത്തോടനുബന്ധിച്ചുള്ള ചലച്ചിത്ര അക്കാദമി ചെയർമാൻ കമലിന്റെ പരാമർശത്തിനു മറുപടി പറയുകയായിരുന്നു അദ്ദേഹം
[2] ചലച്ചിത്ര രംഗത്തെ തന്റെ സംഭാവനകൾ ഓർക്കാൻ ആളുകളില്ലെന്നും നേട്ടങ്ങൾ െകാട്ടിഘോഷിച്ചു നടക്കാറിെല്ലന്നും അദ്ദേഹം പറഞ്ഞു",∙ തനിക്ക് ഓർമക്കുറവാണെന്നു പറയുന്നവരോട് താൻ മലയാളത്തിൽ കൊണ്ടുവന്ന ദേശീയ പുരസ്കാരങ്ങൾ ഓർത്താൽ മതിയെന്ന് മുൻ ചലച്ചിത്ര അക്കാദമി ചെയർമാൻ ഷാജി എൻ.കരുൺ. രാജ്യാന്തര ചലച്ചിത്ര മേള ഉദ്ഘാടനത്തോടനുബന്ധിച്ചുള്ള ചലച്ചിത്ര അക്കാദമി ചെയർമാൻ കമലിന്റെ പരാമർശത്തിനു മറുപടി പറയുകയായിരുന്നു അദ്ദേഹം.,
63487,"[0] പണ്ടൊക്കെ സിപിഎമ്മിനെ കുറിച്ച് കേട്ടിരുന്നത് വ്യക്തമായ നിലപാടുള്ള പാര്‍ട്ടി, ആദര്‍ശമുള്ള പാര്‍ട്ടി, സാധാരണക്കാരന്റെ പാര്‍ട്ടി എന്നൊക്കെയാണ്
[1] എന്നാല്‍ അടുത്ത കാലത്തായി ഈ വിശേഷണങ്ങളെല്ലാം തങ്ങളില്‍ നിന്ന് പാര്‍ട്ടി തന്നെ അകത്തി നിര്‍ത്തുന്ന കാഴ്ചയാണ് കാണുന്നത്
[2] പ്രത്യേകിച്ച് തിരഞ്ഞെടുപ്പ് വേളകളില്‍
[3] പാര്‍ട്ടി സ്ഥാനാര്‍ത്ഥി എന്നൊക്കെ പറയുന്നത് ഇപ്പോള്‍ വെറും സങ്കല്‍പം മാത്രമായിരിക്കുന്നു
[4] തിരഞ്ഞെടുപ്പില്‍ വോട്ട് നേടാനാകുമോ, ജയിക്കാനാകുമോ..
[5] ആരെ വേണമെങ്കിലും സ്ഥാനാര്‍ത്ഥിയാക്കും
[6] ആരുടെ പിന്തുണ വേണമെങ്കിലും സ്വീകരിക്കും
[7] കഴിഞ്ഞ തവണ മദനിയുടെ പിഡിപിയും രാമന്‍ പിള്ളയുടെ ജനപക്ഷവും ആണ് ചീത്തപ്പേരുണ്ടാക്കിയതെങ്കില്‍ ഇത്തവണ രാഷ്ട്രീയ സഖ്യങ്ങളല്ല സിപിഎമ്മിന് ചീത്തപ്പേരുണ്ടാക്കുന്നത്
[8] സ്ഥാനാര്‍ത്ഥി നിര്‍ണയില്‍ കാണിച്ച വര്‍ഗ്ഗപരമായ നീതികേടാണ്",കഴിഞ്ഞ തവണ മദനിയുടെ പിഡിപിയും രാമൻ പിള്ളയുടെ ജനപക്ഷവും ആണ് ചീത്തപ്പേരുണ്ടാക്കിയതെങ്കിൽ ഇത്തവണ രാഷ്ട്രീയ സഖ്യങ്ങളല്ല സിപിഎമ്മിന് ചീത്തപ്പേരുണ്ടാക്കുന്നത്. എന്നാൽ അടുത്ത കാലത്തായി ഈ വിശേഷണങ്ങളെല്ലാം തങ്ങളിൽ നിന്ന് പാർട്ടി തന്നെ അകത്തി നിർത്തുന്ന കാഴ്ചയാണ് കാണുന്നത്.,
81886,"[0] പത്തനംതിട്ട: സംസ്ഥാനത്തെ തദ്ദേശ തിരഞ്ഞെടുപ്പിനുള്ള വിജ്ഞാപനം വരുന്ന ആഴ്ചയോടെ പ്രഖ്യാപിക്കുമെന്നാണ് പ്രതീക്ഷിക്കുന്നത്
[1] എന്നാല്‍ വിജ്ഞാപനത്തിന് കാത്ത് നില്‍ക്കാതെ തിരഞ്ഞെടുപ്പിനുള്ള മുന്നൊരുക്കങ്ങള്‍ ശക്തമാക്കുകയാണ് രാഷ്ട്രീയ കക്ഷികള്‍
[2] സ്ഥാനാര്‍ത്ഥികളെ കണ്ടെത്തുന്നതിനുള്ള ചര്‍ച്ചകളാണ് പ്രാദേശിക തലത്തില്‍ ഇപ്പോള്‍ സജീവമായി നടന്നു കൊണ്ടിരിക്കുന്നത്
[3] ചിലയിടങ്ങളില്‍ സ്ഥാനാര്‍ത്ഥി പ്രഖ്യാപനം പൂര്‍ത്തിയാക്കി പ്രചാരണ പ്രവര്‍ത്തനങ്ങളിലേക്ക് കടന്നിട്ടുണ്ട്
[4] മറ്റ് ജില്ലകളിലേത് പോലെ പത്തനംതിട്ടയിലും മൂന്ന് മൂന്നണികളും പ്രവര്‍ത്തനങ്ങല്‍ സജീവമാക്കുകയാണ്
[5] യുഡിഎഫ്, എൽഡിഎഫ്, ബിജെപി എന്നിവ മുന്നണി സംവിധാനത്തിൽ മത്സരിക്കാനാണ് ധാരണ
[6] കഴിഞ്ഞ തിരഞ്ഞെടുപ്പില്‍ വിമത സ്വരം ഉയര്‍ത്തിയവരേയും സീറ്റിന്‍റെ പേരില്‍ ഇടഞ്ഞവരേയും ഒപ്പം നിര്‍ത്താനുള്ള ശ്രമങ്ങള്‍ പലയിടത്തും ഇതിനോടകം തുടങ്ങിയിട്ടുണ്ട്
[7] വാര്‍ഡ് പുനര്‍വിഭജനം നടക്കാത്തതിനാല്‍ കഴിഞ്ഞ തവണത്തെ അതേ നിലയിലാണ് വാര്‍ഡുകള്‍ ഉള്ളത്",കഴിഞ്ഞ തിരഞ്ഞെടുപ്പിൽ വിമത സ്വരം ഉയർത്തിയവരേയും സീറ്റിൻറെ പേരിൽ ഇടഞ്ഞവരേയും ഒപ്പം നിർത്താനുള്ള ശ്രമങ്ങൾ പലയിടത്തും ഇതിനോടകം തുടങ്ങിയിട്ടുണ്ട്. എന്നാൽ വിജ്ഞാപനത്തിന് കാത്ത് നിൽക്കാതെ തിരഞ്ഞെടുപ്പിനുള്ള മുന്നൊരുക്കങ്ങൾ ശക്തമാക്കുകയാണ് രാഷ്ട്രീയ കക്ഷികൾ.,
29599,"[0] കാബൂള്‍∙ താലിബാനുമായി അതിരൂക്ഷമായ പോരാട്ടം നടക്കുന്ന വടക്കന്‍ നഗരമായ മസാരെ ഷെരീഫിലേക്ക് പറന്ന് അഫ്ഗാനിസ്ഥാന്‍ പ്രസിഡന്റ് അഷ്‌റഫ് ഗാനി
[1] നാലു ഭാഗത്തുനിന്നുമുള്ള താലിബാന്‍ ആക്രമണം നേരിടുന്ന അഫ്ഗാന്‍ സൈന്യത്തിനു പിന്തുണ നല്‍കാനാണ് പ്രസിഡന്റ് നേരിട്ട് മസാരെ ഷെരീഫിലേക്ക് എത്തിയത്
[2] താലിബാനെതിരെ കൂടുതല്‍ നാട്ടുസൈന്യങ്ങളെ അണിനിരത്താനുള്ള ശ്രമത്തിലാണ് പ്രസിഡന്റ്",നാലു ഭാഗത്തുനിന്നുമുള്ള താലിബാൻ ആക്രമണം നേരിടുന്ന അഫ്ഗാൻ സൈന്യത്തിനു പിന്തുണ നൽകാനാണ് പ്രസിഡന്റ് നേരിട്ട് മസാരെ ഷെരീഫിലേക്ക് എത്തിയത്. താലിബാനുമായി അതിരൂക്ഷമായ പോരാട്ടം നടക്കുന്ന വടക്കൻ നഗരമായ മസാരെ ഷെരീഫിലേക്ക് പറന്ന് അഫ്ഗാനിസ്ഥാൻ പ്രസിഡന്റ് അഷ്റഫ് ഗാനി.,
61122,"[0] ദില്ലി: കിങ്ഫിഷര്‍ എയര്‍ലൈന്‍സിലെ പ്രതിസന്ധി തുടരവെ, ശമ്പളം കിട്ടാത്തതിനെ തുടര്‍ന്നുള്ള സാമ്പത്തിക പ്രതിസന്ധി കാരണം ജീവനക്കാരന്റെ ഭാര്യ ജീവനൊടുക്കി
[1] കിങ്ഫിഷര്‍ എയര്‍ലൈന്‍സില്‍ എന്‍ജിനീയറായ മനസ് ചക്രബര്‍ത്തിയുടെ ഭാര്യ ബംഗാള്‍ സ്വദേശി സുഷ്മിതയാണ്(45) ദില്ലിയിലെ ഫ്‌ളാറ്റില്‍ തൂങ്ങിമരിച്ചത്
[2] പാലം മംഗല്‍പുരി കോളനി ഡി.ഡി.എ
[3] ഫള്ാറ്റിലായിരുന്നു മനസും ഭാര്യയും താമസിച്ചിരുന്നത്
[4] കതകില്‍ മുട്ടിവിളിച്ചിട്ടും പ്രതികരിക്കാത്തതിനെത്തുടര്‍ന്ന് അയല്‍വാസികള്‍ പോലീസില്‍ വിവരമറിയിക്കുകയിരുന്നു
[5] കതക് തുറന്ന് അകത്തുകയറിയപ്പോഴാണ് തൂങ്ങിയ നിലയില്‍ സുസ്മിതയെ കണ്ടെത്തിയത്
[6] സമീപത്തെ ആശുപത്രിയിലെത്തിച്ചെങ്കിലും മരിച്ചിരുന്നു","കിങ്ഫിഷർ എയർലൈൻസിൽ എൻജിനീയറായ മനസ് ചക്രബർത്തിയുടെ ഭാര്യ ബംഗാൾ സ്വദേശി സുഷ്മിതയാണ്(45) ദില്ലിയിലെ ഫ്ളാറ്റിൽ തൂങ്ങിമരിച്ചത്. കിങ്ഫിഷർ എയർലൈൻസിലെ പ്രതിസന്ധി തുടരവെ, ശമ്പളം കിട്ടാത്തതിനെ തുടർന്നുള്ള സാമ്പത്തിക പ്രതിസന്ധി കാരണം ജീവനക്കാരന്റെ ഭാര്യ ജീവനൊടുക്കി.",
11307,"[0] ന്യൂഡൽഹി∙ തദ്ദേശഭരണകൂടം നടത്തുന്ന സ്കൂളിലെ തൂപ്പുകാരൻ 10 വയസ്സുകാരി പെൺകുട്ടിയെ പീഡിപ്പിച്ചു
[1] ഡൽഹിയിലെ ഷാഹ്ദാര ജില്ലയിൽ ഫെബ്രുവരി 5നാണ് സംഭവം
[2] ഇയാളെ ശനിയാഴ്ച അറസ്റ്റ് ചെയ്തതായി പൊലീസ് അറിയിച്ചു
[3] കഴിഞ്ഞ 3 – 4 മാസമായി 38കാരനായ ഇയാൾ ഇവിടെ ജോലി ചെയ്യുകയാണ്",കഴിഞ്ഞ 3 - 4 മാസമായി 38കാരനായ ഇയാൾ ഇവിടെ ജോലി ചെയ്യുകയാണ്. തദ്ദേശഭരണകൂടം നടത്തുന്ന സ്കൂളിലെ തൂപ്പുകാരൻ 10 വയസ്സുകാരി പെൺകുട്ടിയെ പീഡിപ്പിച്ചു.,
38081,"[0] ‘അമ്മ’ സംഘടന ക്ലബ്ബ് ആണെങ്കിൽ അതിൽ അംഗമാകാനില്ലെന്ന ഗണേഷ് കുമാറിന്റെ പ്രസ്താവനയിൽ മറുപടിയുമായി ‘അമ്മ’ ജനറൽ സെക്രട്ടറി ഇടവേള ബാബു
[1] ക്ലബ്ബ് എന്നത് മോശം വാക്കല്ലെന്നും മനസ്സിൽ പോലും ചിന്തിക്കാത്ത ഒരു അർഥം കണ്ടെത്തി ചീട്ടു കളിക്കുവാനും, മദ്യപിക്കുവാനുമുള്ള വേദിയായി അതിനെ വ്യാഖ്യാനിക്കുന്നത് ജനങ്ങൾക്കിടയിൽ സംഘടനയ്ക്ക്‌ വലിയ അവമതിപ്പ് ഉണ്ടാക്കുമെന്നും ഇടവേള ബാബു പറഞ്ഞു
[2] താരസംഘടന ക്ലബ്ബ് ആണെന്ന ഇടവേള ബാബുവിന്റെ പ്രസ്താവന പിൻവലിച്ച് മാപ്പ് പറയണമെന്നും അമ്മ ക്ലബ്ബ് ആണെങ്കിൽ അതിൽ താൻ അംഗമാകാനില്ലെന്നുമായിരുന്നു ഗണേഷ് കുമാർ കഴിഞ്ഞ ദിവസം മാധ്യമങ്ങളോട് പറഞ്ഞത്
[3] തന്റെ പരാമര്‍ശത്തെ വിമര്‍ശിച്ച ഗണേഷ് കുമാറിന് തുറന്ന കത്തിലൂടെയാണ് ഇടവേള ബാബു വിശദീകരണം നല്‍കിയത്","ക്ലബ്ബ് എന്നത് മോശം വാക്കല്ലെന്നും മനസ്സിൽ പോലും ചിന്തിക്കാത്ത ഒരു അർഥം കണ്ടെത്തി ചീട്ടു കളിക്കുവാനും, മദ്യപിക്കുവാനുമുള്ള വേദിയായി അതിനെ വ്യാഖ്യാനിക്കുന്നത് ജനങ്ങൾക്കിടയിൽ സംഘടനയ്ക്ക് വലിയ അവമതിപ്പ് ഉണ്ടാക്കുമെന്നും ഇടവേള ബാബു പറഞ്ഞു. താരസംഘടന ക്ലബ്ബ് ആണെന്ന ഇടവേള ബാബുവിന്റെ പ്രസ്താവന പിൻവലിച്ച് മാപ്പ് പറയണമെന്നും അമ്മ ക്ലബ്ബ് ആണെങ്കിൽ അതിൽ താൻ അംഗമാകാനില്ലെന്നുമായിരുന്നു ഗണേഷ് കുമാർ കഴിഞ്ഞ ദിവസം മാധ്യമങ്ങളോട് പറഞ്ഞത്.",
12488,"[0] ഒരു സിനിമ തിയറ്ററിൽ പരാജയപ്പെട്ടാൽ സംവിധായകൻ അനുഭവിക്കുന്ന എല്ലാ മാനസികവ്യഥകളിലൂടെയും കടന്നുപോയിട്ടുണ്ട് സംവിധായകനും ഛായാഗ്രാഹകനുമായ സാനു ജോൺ വർഗീസ്
[1] ഒടുവിൽ ചിത്രം ഒടിടി പ്ലാറ്റ്ഫോമിലെത്തിയപ്പോൾ സിനിമയെക്കുറിച്ച് നീണ്ട വൈകാരിക കുറിപ്പുകൾ..
[2] നിരീക്ഷണങ്ങൾ..
[3] അഭിനന്ദനങ്ങൾ! അതുവരെ അനുഭവിച്ച നിരാശയും സങ്കടവും ഇല്ലാതാക്കിയതും ആത്മവിശ്വാസം നിറച്ചതും പ്രേക്ഷകരുടെ ആ പ്രതികരണങ്ങളായിരുന്നു
[4] സമൂഹമാധ്യമങ്ങളിൽ വന്ന ആ അഭിനന്ദനങ്ങളോരോന്നും സ്ക്രീൻഷോട്ട് എടുത്ത് സാനു ജോൺ തന്റെ സ്വകാര്യശേഖരത്തിൽ സൂക്ഷിച്ചു
[5] 'ആർക്കറിയാം' എന്ന ആദ്യ ചിത്രം സാനു ജോൺ വർഗീസ് എന്ന സംവിധായകനെ കുറച്ചൊന്നുമല്ല ചുറ്റിച്ചത്
[6] ഈ അസന്നിഗ്ദതകളും അപ്രതീക്ഷിത സന്തോഷങ്ങളുമൊക്കെയാണല്ലോ സിനിമ നൽകുന്ന ത്രില്ലും! ഒടിടി റിലീസിനു ശേഷം ആർക്കറിയാം ചിത്രത്തിനു ലഭിച്ച സ്വീകാര്യതയെക്കുറിച്ചും സമൂഹമാധ്യമങ്ങളിലെ ചർച്ചകളെക്കുറിച്ചും മനസു തുറന്ന് സാനു ജോൺ വർഗീസ് മനോരമ ഓൺലൈനിൽ",ഒടിടി റിലീസിനു ശേഷം ആർക്കറിയാം ചിത്രത്തിനു ലഭിച്ച സ്വീകാര്യതയെക്കുറിച്ചും സമൂഹമാധ്യമങ്ങളിലെ ചർച്ചകളെക്കുറിച്ചും മനസു തുറന്ന് സാനു ജോൺ വർഗീസ് മനോരമ ഓൺലൈനിൽ. സിനിമ തിയറ്ററിൽ പരാജയപ്പെട്ടാൽ സംവിധായകൻ അനുഭവിക്കുന്ന എല്ലാ മാനസികവ്യഥകളിലൂടെയും കടന്നുപോയിട്ടുണ്ട് സംവിധായകനും ഛായാഗ്രാഹകനുമായ സാനു ജോൺ വർഗീസ്.,
65904,"[0] ബാഗ്ദാദ്: ലോകത്തിലെ ഏറ്റവും ഭീകരന്‍മാരാണെങ്കിലും ഐസിസിനും അത്യാവശ്യം ജോലിക്കാരെയൊക്കെ വേണം
[1] പക്ഷേ ശമ്പളം എത്ര കൊടുത്താലാണ് ഐസിസിന് കീഴില്‍ ജോലി ചെയ്യാന്‍ ആളുകള്‍ എത്തുക? എന്തായാലും തങ്ങള്‍ക്ക് പല ജോലികള്‍ ചെയ്യാന്‍ ആളുകള്‍ ആവശ്യമുണ്ടെന്ന് കാണിച്ച് ഐസിസിനുവേണ്ടി ഒരു ജിഹാദി ഓണ്‍ലൈനില്‍ ജോലി ഒഴിവുകള്‍ പ്രസിദ്ധീകരിച്ചിട്ടുണ്ട്
[2] ബ്രിട്ടീഷ് ജിഹാദിയായ അബു സയീദ് അല്‍ ബ്രിട്ടാനിയാണ് ഇക്കാര്യം പോസ്റ്റ് ചെയ്തിരിക്കുന്നത്",എന്തായാലും തങ്ങൾക്ക് പല ജോലികൾ ചെയ്യാൻ ആളുകൾ ആവശ്യമുണ്ടെന്ന് കാണിച്ച് ഐസിസിനുവേണ്ടി ഒരു ജിഹാദി ഓൺലൈനിൽ ജോലി ഒഴിവുകൾ പ്രസിദ്ധീകരിച്ചിട്ടുണ്ട്. ബ്രിട്ടീഷ് ജിഹാദിയായ അബു സയീദ് അൽ ബ്രിട്ടാനിയാണ് ഇക്കാര്യം പോസ്റ്റ് ചെയ്തിരിക്കുന്നത്.,
27790,"[0] ന്യൂഡൽഹി ∙ രാജ്യതലസ്ഥാനത്തു കോവിഡ് നിരക്കു കൂടുകയാണെന്ന് ഐഐടി മദ്രാസിന്റെ പഠനം
[1] കൊറോണ വൈറസിന്റെ വ്യാപനം‌ കണക്കാക്കുന്ന ‘ആര്‍’ ഘടകം (പുനരുല്‍പാദന/വ്യാപന നിരക്ക്) ഈയാഴ്ച 2.1 ആയി
[2] വൈറസ് ബാധിച്ച ഒരാൾ മറ്റു രണ്ടുപേർക്കു രോഗം കൈമാറുന്നുവെന്നാണു പഠനത്തിൽ കണ്ടെത്തിയത്",കൊറോണ വൈറസിന്റെ വ്യാപനം കണക്കാക്കുന്ന 'ആർ' ഘടകം (പുനരുൽപാദന/വ്യാപന നിരക്ക്) ഈയാഴ്ച 2.1 ആയി. ∙ രാജ്യതലസ്ഥാനത്തു കോവിഡ് നിരക്കു കൂടുകയാണെന്ന് ഐഐടി മദ്രാസിന്റെ പഠനം.,
80763,"[0] ആലപ്പുഴ: ഇന്ന് ആലപ്പുഴ ജില്ലയില്‍ 87 പേര്‍ക്ക് രോഗം സ്ഥിരീകരിച്ചു
[1] നാലു പേര്‍ മറ്റ് സംസ്ഥാനങ്ങളില്‍ നിന്നും എത്തിയവരാണ്
[2] 83 പേര്‍ക്ക് സമ്പര്‍ക്കത്തിലൂടെ ആണ് രോഗം സ്ഥിരീകരിച്ചത്
[3] മറ്റ് സംസ്ഥാനങ്ങളില്‍ നിന്നും എത്തിയവര്‍- തമിഴ്‌നാട്ടില്‍ നിന്നും എത്തിയ 3 എഴുപുന്ന സ്വദേശികള്‍, ഒരു മുളക്കുഴ സ്വദേശിനി
[4] ആകെ 1826 പേര്‍ ചികിത്സയില്‍ ഉണ്ട്
[5] 2405 പേര്‍ രോഗം മുക്തരായി
[6] ജില്ലയില്‍ നിന്ന് 125 പേരുടെ പരിശോധനാ ഫലം നെഗറ്റീവായി
[7] രോഗവിമുക്തരായവരില്‍ 104 പേര്‍ക്ക് സമ്പര്‍ക്കത്തിലൂടെ ആയിരുന്നു രോഗബാധ
[8] 14 പേര്‍ മറ്റു സംസ്ഥാനങ്ങളില്‍ നിന്നെത്തിയവരും 7 പേര്‍ വിദേശത്ത് നിന്ന് വന്നവരുമാണ്.
[9] സമ്പര്‍ക്കത്തിലൂടെ രോഗം സ്ഥിരീകരിച്ചവര്‍-","മറ്റ് സംസ്ഥാനങ്ങളിൽ നിന്നും എത്തിയവർ- തമിഴ്നാട്ടിൽ നിന്നും എത്തിയ 3 എഴുപുന്ന സ്വദേശികൾ, ഒരു മുളക്കുഴ സ്വദേശിനി. 14 പേർ മറ്റു സംസ്ഥാനങ്ങളിൽ നിന്നെത്തിയവരും 7 പേർ വിദേശത്ത് നിന്ന് വന്നവരുമാണ്.. സമ്പർക്കത്തിലൂടെ രോഗം സ്ഥിരീകരിച്ചവർ-",
20347,"[0] അഹമ്മദാബാദ്∙ സ്കൂളിൽ ഹാജർ വിളിക്കുമ്പോൾ ‘പ്രസന്റ് സർ’ എന്നതിനു പകരം ജയ്ഹിന്ദ് അല്ലെങ്കിൽ ജയ് ഭാരത് എന്നു പറയണമെന്നു ഗുജറാത്ത് സർക്കാർ ഉത്തരവ്
[1] എയ്ഡഡും സ്വാശ്രയവും ഉൾപ്പെടെ ഒന്നു മുതൽ 12 വരെ ക്ലാസുകളിൽ ഇന്നലെ മുതൽ നിയമം നടപ്പാക്കാനാണ് ഉത്തരവ്
[2] സിബിഎസ്ഇ സ്കൂളുകളും ഉത്തരവു പാലിക്കണമെന്ന് വിദ്യാഭ്യാസ മന്ത്രി അറിയിച്ചു",സ്കൂളിൽ ഹാജർ വിളിക്കുമ്പോൾ 'പ്രസന്റ് സർ' എന്നതിനു പകരം ജയ്ഹിന്ദ് അല്ലെങ്കിൽ ജയ് ഭാരത് എന്നു പറയണമെന്നു ഗുജറാത്ത് സർക്കാർ ഉത്തരവ്. എയ്ഡഡും സ്വാശ്രയവും ഉൾപ്പെടെ ഒന്നു മുതൽ 12 വരെ ക്ലാസുകളിൽ ഇന്നലെ മുതൽ നിയമം നടപ്പാക്കാനാണ് ഉത്തരവ്.,
71878,"[0] വടകര:കർഷകന് പ്രാമുഖ്യം നൽകി പ്രോത്സാഹിപ്പിക്കാൻ മാധ്യമങ്ങൾ ശ്രമിക്കണമെന്ന് സംസ്ഥാന ക്ഷീര കർഷക സംഗമത്തോടനുബന്ധിച്ച് നടന്ന മാധ്യമ സെമിനാർ അഭിപ്രായപ്പെട്ടു.മറ്റു മേഖലയ്ക്ക് നൽകുന്ന പ്രാധാന്യം കാർഷിക മേഖലയ്ക്കും നൽകണം.രാജ്യത്തിൻറെ ഇന്നത്തെ സാഹചര്യത്തിൽ കർഷകരുടെയും,ക്ഷീര കർഷകരുടെയും സമ്പത്ത് വ്യവസ്ഥയുമായി ബന്ധപ്പെട്ട് ഇടപെടൽ നടത്തേണ്ടത് അത്യാവശ്യമാണ്","പ്രാമുഖ്യം നൽകി പ്രോത്സാഹിപ്പിക്കാൻ മാധ്യമങ്ങൾ ശ്രമിക്കണമെന്ന് സംസ്ഥാന ക്ഷീര കർഷക സംഗമത്തോടനുബന്ധിച്ച് നടന്ന മാധ്യമ സെമിനാർ അഭിപ്രായപ്പെട്ടു.മറ്റു മേഖലയ്ക്ക് നൽകുന്ന പ്രാധാന്യം കാർഷിക മേഖലയ്ക്കും നൽകണം.രാജ്യത്തിൻറെ ഇന്നത്തെ സാഹചര്യത്തിൽ കർഷകരുടെയും,ക്ഷീര കർഷകരുടെയും സമ്പത്ത് വ്യവസ്ഥയുമായി ബന്ധപ്പെട്ട് ഇടപെടൽ നടത്തേണ്ടത് അത്യാവശ്യമാണ്.",
423,[0] തിരുവനന്തപുരം ∙ ക്രമവിരുദ്ധ നിയമനങ്ങളും സ്ഥിരപ്പെടുത്തലും വർധിച്ച സാഹചര്യത്തിൽ ചട്ടം ലംഘിച്ചുള്ള ഫയലുകളിൽ തൽക്കാലം ഒപ്പു വയ്‌ക്കരുതെന്നും നിയമക്കുരുക്കിൽ പെടരുതെന്നും ഐഎഎസുകാരുടെ വാട്സാപ് ഗ്രൂപ്പുകളിൽ നിർദേശം,∙ ക്രമവിരുദ്ധ നിയമനങ്ങളും സ്ഥിരപ്പെടുത്തലും വർധിച്ച സാഹചര്യത്തിൽ ചട്ടം ലംഘിച്ചുള്ള ഫയലുകളിൽ തൽക്കാലം ഒപ്പു വയ്ക്കരുതെന്നും നിയമക്കുരുക്കിൽ പെടരുതെന്നും ഐഎഎസുകാരുടെ വാട്സാപ് ഗ്രൂപ്പുകളിൽ നിർദേശം.,
11402,"[0] ന്യൂഡല്‍ഹി∙ പതിനാറാം ലോക്‌സഭയിലെ അവസാന പ്രസംഗത്തില്‍ എന്‍ഡിഎ നേതൃത്വത്തിലുള്ള ഭൂരിപക്ഷ സര്‍ക്കാരിന്റെ ഭരണനേട്ടങ്ങള്‍ എണ്ണിപ്പറഞ്ഞു പ്രധാനമന്ത്രി നരേന്ദ്ര മോദി
[1] രാജ്യത്തിന്റെ അഭിമാനവും ആത്മവിശ്വാസവും ഉയര്‍ത്താന്‍ കഴിഞ്ഞെന്നും ഇതു രാജ്യവികസനം ത്വരിതഗതിയില്‍ ആക്കാന്‍ ഉപകരിക്കുമെന്നും മോദി പറഞ്ഞു
[2] ലോകം അംഗീകരിക്കുന്നത് ഭൂരിപക്ഷ, സുസ്ഥിര സര്‍ക്കാരിനെയാണെന്നും മോദി പറഞ്ഞു",പതിനാറാം ലോക്സഭയിലെ അവസാന പ്രസംഗത്തിൽ എൻഡിഎ നേതൃത്വത്തിലുള്ള ഭൂരിപക്ഷ സർക്കാരിന്റെ ഭരണനേട്ടങ്ങൾ എണ്ണിപ്പറഞ്ഞു പ്രധാനമന്ത്രി നരേന്ദ്ര മോദി. രാജ്യത്തിന്റെ അഭിമാനവും ആത്മവിശ്വാസവും ഉയർത്താൻ കഴിഞ്ഞെന്നും ഇതു രാജ്യവികസനം ത്വരിതഗതിയിൽ ആക്കാൻ ഉപകരിക്കുമെന്നും മോദി പറഞ്ഞു.,
90666,"[0] പൗരത്വനിയമത്തെ അനുകൂലിക്കുമെന്നാണ് കഴിഞ്ഞദിവസം മഹാരാഷ്ട്ര നവനിർമാൺസേന വ്യക്തമാക്കിയത്
[1] അതേസമയം, ഒരുമാസംമുമ്പ് രാജ്താക്കറെ നിയമത്തിനെതിരായിരുന്നു
[2] പുതിയ വെളിച്ചം എവിടെനിന്നാണ് ലഭിച്ചതെന്നും ശിവസേന മുഖപ്രസംഗത്തിൽ ചോദിക്കുന്നുണ്ട്","പുതിയ വെളിച്ചം എവിടെനിന്നാണ് ലഭിച്ചതെന്നും ശിവസേന മുഖപ്രസംഗത്തിൽ ചോദിക്കുന്നുണ്ട്. അതേസമയം, ഒരുമാസംമുമ്പ് രാജ്താക്കറെ നിയമത്തിനെതിരായിരുന്നു.",
33554,"[0] കോഴിക്കോട് ∙ എംഎസ്എഫ് സംസ്ഥാന പ്രസിഡന്‍റ് പി.കെ.നവാസിനെതിരെ ഇ.ടി.മുഹമ്മദ് ബഷീർ
[1] 'നവാസ് വന്ന വഴി ശരിയല്ലെന്ന് പല തവണ പറഞ്ഞു കഴിഞ്ഞതാണ്
[2] ഹരിത വിഷയം ഇത്രയും സങ്കീര്‍ണമാകാന്‍ കാരണം നവാസാണ്
[3] ഉചിതമായ നടപടി വേണ്ടിയിരുന്ന സംഭവമായിരുന്നു.' നവാസിനെതിരെ ഉന്നതാധികാര സമിതിയിൽ താൻ ശക്തമായ നിലപാട് എടുത്തിരുന്നുവെന്നും ഇ.ടി
[4] മനോരമ ന്യൂസ് പുറത്തുവിട്ട ശബ്ദരേഖയിൽ പറയുന്നു",∙ എംഎസ്എഫ് സംസ്ഥാന പ്രസിഡൻറ് പി.കെ.നവാസിനെതിരെ ഇ.ടി.മുഹമ്മദ് ബഷീർ. 'നവാസ് വന്ന വഴി ശരിയല്ലെന്ന് പല തവണ പറഞ്ഞു കഴിഞ്ഞതാണ്.,
45914,"[0] ദില്ലി: പുതിയ മൂന്ന ്സംസ്ഥാനങ്ങള്‍ നിലവില്‍ വരുന്ന തീയതികള്‍ ആഭ്യന്തരമന്ത്രി എല്‍.കെ
[1] അദ്വാനി പ്രഖ്യാപിച്ചു
[2] ചത്തീസ്ഗഡ് നവംബര്‍ ഒന്നിനും ഉത്തരാഞ്ചല്‍ ഒമ്പതിനും ജാര്‍ഖണ്ഡ് പതിനഞ്ചിനും നിലവില്‍ വരും
[3] സംസ്ഥാനങ്ങള്‍ രൂപീകരിക്കുന്ന തീയതി മധ്യപ്രദേശ്, ഉത്തര്‍പ്രദേശ്, ബീഹാര്‍ സംസ്ഥാാനങ്ങളെ അറിയിച്ചിട്ടുണ്ടെന്ന് അദ്വാനി പറഞ്ഞു
[4] ദില്ലിയില്‍ ഒക്ടോബര്‍ 13 വെള്ളിയാഴ്ച വാര്‍ത്താലേഖകരോട് സംസാരിക്കുകയായിരുന്നു അദ്ദേഹം","പുതിയ മൂന്ന ്സംസ്ഥാനങ്ങൾ നിലവിൽ വരുന്ന തീയതികൾ ആഭ്യന്തരമന്ത്രി എൽ.കെ. സംസ്ഥാനങ്ങൾ രൂപീകരിക്കുന്ന തീയതി മധ്യപ്രദേശ്, ഉത്തർപ്രദേശ്, ബീഹാർ സംസ്ഥാാനങ്ങളെ അറിയിച്ചിട്ടുണ്ടെന്ന് അദ്വാനി പറഞ്ഞു.",
47513,"[0] തിരുവനന്തപുരം: അന്തരിച്ച കഥാകൃത്ത് എന്‍
[1] മോഹനന്റെ രണ്ടാം ചരമവാര്‍ഷിക ദിനാചരണങ്ങള്‍ അദ്ദേഹത്തെ കുറിച്ചുള്ള ഓര്‍മ്മകളാല്‍ സമ്പന്നമാകും
[2] കാവ്യാത്മകമായ കഥകളിലൂടെ കഥാസ്നേഹികളുടെ ഹൃദയങ്ങളില്‍ കയറിയിരുന്ന എന്‍
[3] മോഹനന്‍ വിടപറഞ്ഞിട്ട ് രണ്ട് വര്‍ഷം തികയുന്ന ഒക്ടോബര്‍ മൂന്ന് ബുധനാഴ്ച കഥായാമം, മോഹനന്‍ സ്മാരകപ്രഭാഷണം തുടങ്ങിയ ചടങ്ങുകളോടെ സ്മൃതി ആചരിക്കുന്നു
[4] എന്‍
[5] മോഹനന്റെ വിധവ ഭാമാ മോഹനന്‍ ദീപം കൊളുത്തി ചടങ്ങുകള്‍ക്ക് തുടക്കം കുറിക്കും
[6] അദ്ദേഹം 1960ല്‍ രചിച്ച നിന്റെ കഥ (എന്റെയും) എന്ന കഥയുടെ പുനര്‍വായന റോസ്മേരി, ആശാകൃഷ്ണന്‍, നാരായണന്‍ എന്നിവര്‍ നിര്‍വഹിക്കും","അദ്ദേഹം 1960ൽ രചിച്ച നിന്റെ കഥ (എന്റെയും) എന്ന കഥയുടെ പുനർവായന റോസ്മേരി, ആശാകൃഷ്ണൻ, നാരായണൻ എന്നിവർ നിർവഹിക്കും. മോഹനൻ വിടപറഞ്ഞിട്ട ് രണ്ട് വർഷം തികയുന്ന ഒക്ടോബർ മൂന്ന് ബുധനാഴ്ച കഥായാമം, മോഹനൻ സ്മാരകപ്രഭാഷണം തുടങ്ങിയ ചടങ്ങുകളോടെ സ്മൃതി ആചരിക്കുന്നു.",
8542,"[0] ന്യൂഡൽഹി∙ സ്വകാര്യ ടെലിവിഷൻ ചാനലായ സുദർശൻ ടിവിയുടെ വിവാദ പരിപാടി ‘ബിന്ദാസ് ബോൽ’ ചില പരിഷ്കാരങ്ങൾ വരുത്തി മിതത്വം പാലിച്ച് സംപ്രേഷണം ചെയ്യാൻ അനുവദിക്കാമെന്ന് സർക്കാർ സുപ്രീം കോടതിയിൽ
[1] യുപിഎസ്‌സി ജിഹാദ് എന്നു പേരിട്ട് അവതരിപ്പിക്കുന്ന കാര്യങ്ങൾ നല്ല രീതിയിലുള്ളതല്ലെന്നും അത് സാമുദായിക മനോഭാവം വളർത്തുമെന്നും കേന്ദ്ര വാർത്ത വിനിമയ മന്ത്രാലയം കോടതിയെ അറിയിച്ചു
[2] ഇത് അപകടകരമാണെന്നും ഭാവിയിൽ അതീവശ്രദ്ധയോടെയേ സംപ്രേഷണം ചെയ്യാവൂ എന്ന് മുന്നറിയിപ്പ് നൽകുമെന്നും സർക്കാർ അറിയിച്ചു",സ്വകാര്യ ടെലിവിഷൻ ചാനലായ സുദർശൻ ടിവിയുടെ വിവാദ പരിപാടി 'ബിന്ദാസ് ബോൽ' ചില പരിഷ്കാരങ്ങൾ വരുത്തി മിതത്വം പാലിച്ച് സംപ്രേഷണം ചെയ്യാൻ അനുവദിക്കാമെന്ന് സർക്കാർ സുപ്രീം കോടതിയിൽ. യുപിഎസ്സി ജിഹാദ് എന്നു പേരിട്ട് അവതരിപ്പിക്കുന്ന കാര്യങ്ങൾ നല്ല രീതിയിലുള്ളതല്ലെന്നും അത് സാമുദായിക മനോഭാവം വളർത്തുമെന്നും കേന്ദ്ര വാർത്ത വിനിമയ മന്ത്രാലയം കോടതിയെ അറിയിച്ചു.,
32681,"[0] ന്യൂഡൽഹി∙ യുക്രെയ്നിലെ റഷ്യന്‍ സൈനിക നടപടിയില്‍ ഇന്ത്യന്‍ നിലപാടിനെ വിമര്‍ശിച്ച് ശശി തരൂര്‍ എംപി
[1] രാജ്യാന്തര തലത്തില്‍ ചില തത്വങ്ങള്‍ ഉണ്ട്
[2] റഷ്യ ചെയ്യുന്നത് രാജ്യാന്തര നിയമങ്ങളുടെ ലംഘനമാണ്
[3] റഷ്യയുമായി സംസാരിച്ച് യുക്രെയ്നുമായുള്ള യുദ്ധത്തില്‍നിന്ന് പിന്തിരിപ്പിക്കാന്‍ ഇന്ത്യ ശ്രമിക്കണമെന്ന് അദ്ദേഹം പറഞ്ഞു",യുക്രെയ്നിലെ റഷ്യൻ സൈനിക നടപടിയിൽ ഇന്ത്യൻ നിലപാടിനെ വിമർശിച്ച് ശശി തരൂർ എംപി. റഷ്യയുമായി സംസാരിച്ച് യുക്രെയ്നുമായുള്ള യുദ്ധത്തിൽനിന്ന് പിന്തിരിപ്പിക്കാൻ ഇന്ത്യ ശ്രമിക്കണമെന്ന് അദ്ദേഹം പറഞ്ഞു.,
23800,"[0] കൊച്ചി∙ നടിയെ ആക്രമിച്ച കേസിലെ പ്രതി നടൻ ദിലീപ് അന്വേഷണ ഉദ്യോഗസ്ഥരെ വകവരുത്താൻ ഗൂഢാലോചന നടത്തിയെന്നു വെളിപ്പെടുത്തിയ സംവിധായകൻ ബാലചന്ദ്രകുമാർ ക്രൈംബ്രാഞ്ച് ഓഫിസിൽ ഹാജരായി
[1] അന്വേഷണ സംഘത്തിന്റെ നിർദേശമനുസരിച്ച് മൊഴി നൽകാനാണ് ഇയാൾ ഹാജരായിരിക്കുന്നത്",നടിയെ ആക്രമിച്ച കേസിലെ പ്രതി നടൻ ദിലീപ് അന്വേഷണ ഉദ്യോഗസ്ഥരെ വകവരുത്താൻ ഗൂഢാലോചന നടത്തിയെന്നു വെളിപ്പെടുത്തിയ സംവിധായകൻ ബാലചന്ദ്രകുമാർ ക്രൈംബ്രാഞ്ച് ഓഫിസിൽ ഹാജരായി. അന്വേഷണ സംഘത്തിന്റെ നിർദേശമനുസരിച്ച് മൊഴി നൽകാനാണ് ഇയാൾ ഹാജരായിരിക്കുന്നത്.,
29939,"[0] ന്യൂഡൽഹി∙ തിരഞ്ഞെടുക്കപ്പെട്ടു കഴിഞ്ഞാൽ പ്രധാനമന്ത്രി ഏതെങ്കിലും പാർട്ടിയുടെ ആളല്ല, രാജ്യത്തിന്റെ പ്രധാനമന്ത്രിയാണ് എന്നാണ് കേരള ഹൈക്കോടതി അടുത്തിടെ പറഞ്ഞത്
[1] കോവിഡ് സർട്ടിഫിക്കറ്റിൽ പ്രധാനമന്ത്രിയുടെ ചിത്രം പതിക്കുന്നത് ചോദ്യം ചെയ്തുള്ള ഹർജി തള്ളിയ ഉത്തരവിലായിരുന്നു ഈ നിരീക്ഷണം
[2] ശരിയാണ്, തിരഞ്ഞെടുക്കപ്പെട്ടു കഴിഞ്ഞാൽ പ്രധാനമന്ത്രി ഏതെങ്കിലും പാർട്ടിയുടെ ആളല്ല, രാജ്യത്തിന്റെ പ്രധാനമന്ത്രിയാണ്
[3] അതാണ് ഐഡിയൽ സാഹചര്യം
[4] എന്നാൽ, പ്രധാനമന്ത്രിമാർ പലപ്പോഴും സ്വന്തം പാർട്ടിയുടെ നേതാവായി സംസാരിക്കാറുണ്ട്
[5] പ്രത്യേകിച്ചും തിരഞ്ഞെടുപ്പു റാലികളിൽ
[6] അപ്പോൾ, പ്രധാനമന്ത്രിയായിരിക്കുമ്പോൾത്തന്നെ രാഷ്്ട്രീയ പാർട്ടിയുടെ നേതാവ് എന്ന വ്യക്തിത്വവുമുണ്ട്","തിരഞ്ഞെടുക്കപ്പെട്ടു കഴിഞ്ഞാൽ പ്രധാനമന്ത്രി ഏതെങ്കിലും പാർട്ടിയുടെ ആളല്ല, രാജ്യത്തിന്റെ പ്രധാനമന്ത്രിയാണ് എന്നാണ് കേരള ഹൈക്കോടതി അടുത്തിടെ പറഞ്ഞത്. കോവിഡ് സർട്ടിഫിക്കറ്റിൽ പ്രധാനമന്ത്രിയുടെ ചിത്രം പതിക്കുന്നത് ചോദ്യം ചെയ്തുള്ള ഹർജി തള്ളിയ ഉത്തരവിലായിരുന്നു ഈ നിരീക്ഷണം.",
20507,"[0] ബെംഗളൂരു ∙ കർണാടകയിൽ കോൺഗ്രസ് വിടില്ലെന്നു വ്യക്തമാക്കി മുൻമന്ത്രി രമേഷ് ജാർക്കിഹോളി ഉൾപ്പെടെ 3 വിമത എംഎൽഎമാർ
[1] രമേഷിനു പുറമെ മഹേഷ് കുമത്തല്ലി, ബി.നാഗേന്ദ്ര എന്നിവരും പാർട്ടിയുടെ കാരണം കാണിക്കൽ നോട്ടിസിന് മറുപടി നൽകിയതായി കോൺഗ്രസ്–ദൾ ഏകോപന സമിതി അധ്യക്ഷൻ സിദ്ധരാമയ്യ അറിയിച്ചു","രമേഷിനു പുറമെ മഹേഷ് കുമത്തല്ലി, ബി.നാഗേന്ദ്ര എന്നിവരും പാർട്ടിയുടെ കാരണം കാണിക്കൽ നോട്ടിസിന് മറുപടി നൽകിയതായി കോൺഗ്രസ്-ദൾ ഏകോപന സമിതി അധ്യക്ഷൻ സിദ്ധരാമയ്യ അറിയിച്ചു. ∙ കർണാടകയിൽ കോൺഗ്രസ് വിടില്ലെന്നു വ്യക്തമാക്കി മുൻമന്ത്രി രമേഷ് ജാർക്കിഹോളി ഉൾപ്പെടെ 3 വിമത എംഎൽഎമാർ.",
52124,"[0] കോഴിക്കോട്: ഐ ഗ്രൂപ്പിന്റെ ആവശ്യം എന്തായാലും അതില്‍ ഉള്ളുതുറന്ന ചര്‍ച്ചയ്ക്ക് തയ്യാറാണെന്ന് കെപിസിസി ജനറല്‍ സെക്രട്ടറി മുല്ലപ്പള്ളി രാമചന്ദ്രന്‍ പറഞ്ഞു
[1] പാര്‍ട്ടി പിളര്‍ത്തുന്ന നടപടികളില്‍ നിന്നും ഐ ഗ്രൂപ്പ് വിട്ടുനില്ക്കണമെന്ന് അദ്ദേഹം ആവശ്യപ്പെട്ടു
[2] കോണ്‍ഗ്രസില്‍ നിലവിലുള്ള പ്രശ്നങ്ങള്‍ പരിഹരിക്കുന്നതിന് ഐ ഗ്രൂപ്പുമായി ചര്‍ച്ച നടത്താന്‍ താന്‍ ഒരുക്കമാണെന്നും അനുരഞ്ജനത്തിന്റെ പാതയാണ് കെപിസി സിക്കുള്ളതെന്നും അദ്ദേഹം പറഞ്ഞു",കോൺഗ്രസിൽ നിലവിലുള്ള പ്രശ്നങ്ങൾ പരിഹരിക്കുന്നതിന് ഐ ഗ്രൂപ്പുമായി ചർച്ച നടത്താൻ താൻ ഒരുക്കമാണെന്നും അനുരഞ്ജനത്തിന്റെ പാതയാണ് കെപിസി സിക്കുള്ളതെന്നും അദ്ദേഹം പറഞ്ഞു. ഐ ഗ്രൂപ്പിന്റെ ആവശ്യം എന്തായാലും അതിൽ ഉള്ളുതുറന്ന ചർച്ചയ്ക്ക് തയ്യാറാണെന്ന് കെപിസിസി ജനറൽ സെക്രട്ടറി മുല്ലപ്പള്ളി രാമചന്ദ്രൻ പറഞ്ഞു.,
23159,"[0] ന്യൂഡൽഹി ∙ രാജ്യത്ത് ഒമിക്രോണ്‍ കേസുകള്‍ കുതിച്ചുയരുന്നു
[1] ആകെ കേസുകള്‍ 1,270 ആയി
[2] കഴിഞ്ഞ ദിവസം 309 പേര്‍ക്കാണ് ഒമിക്രോണ്‍ സ്ഥിരീകരിച്ചത്
[3] ഏറ്റവും ഉയര്‍ന്ന പ്രതിദിന നിരക്കാണിത്
[4] മഹാരാഷ്ട്രയില്‍ 450ഉം ഡല്‍ഹിയില്‍ 320ഉം കേസുകളാണ് റിപ്പോര്‍ട്ട് ചെയ്തത്
[5] 107 പേര്‍ക്ക് ഒമിക്രോണ്‍ സ്ഥിരീകരിച്ച കേരളമാണ് മൂന്നാമത്
[6] ആറു സംസ്ഥാനങ്ങളില്‍ 50ൽ കൂടുതല്‍ കേസുകളുണ്ട്",മഹാരാഷ്ട്രയിൽ 450ഉം ഡൽഹിയിൽ 320ഉം കേസുകളാണ് റിപ്പോർട്ട് ചെയ്തത്. 107 പേർക്ക് ഒമിക്രോൺ സ്ഥിരീകരിച്ച കേരളമാണ് മൂന്നാമത്.,
1477,"[0] കോഴിക്കോട്∙ പ്ലസ് ടു കോഴക്കേസിൽ മുൻ എംഎൽഎ കെ.എം.ഷാജിയുടെ ഭാര്യയുടെ പേരിലുള്ള സ്വത്ത് കണ്ടുകെട്ടാൻ എൻഫോഴ്സ്മെന്റ് ഡയറക്ടറേറ്റ് (ഇഡി) നടപടി തുടങ്ങി
[1] കണ്ണൂർ അഴീക്കോട് ഹൈസ്കൂളിൽ പ്ലസ്ടു ബാച്ച് അനുവദിക്കുന്നതിന് ‌‌അഴീക്കോട് മുൻ എംഎൽഎയും മുസ്‌ലിം ലീഗ് സംസ്ഥാന സെക്രട്ടറിയുമായ കെ.എം.ഷാജി 25 ലക്ഷം രൂപ കൈക്കൂലി വാങ്ങിയെന്ന കേസിലാണ് ഭാര്യയുടെ പേരിൽ കോഴിക്കോട് മാലൂർകുന്നിലുള്ള വീട് കണ്ടുകെട്ടുന്നത്
[2] കൈക്കൂലിയായി വാങ്ങിയ പണം വീടിന്റെ നിർമാണത്തിന് ഉപയോഗിച്ചു എന്ന കണ്ടെത്തിയതിനാലാണ് നടപടി ആരംഭിച്ചതെന്ന് ഇഡി അറിയിച്ചു",കണ്ണൂർ അഴീക്കോട് ഹൈസ്കൂളിൽ പ്ലസ്ടു ബാച്ച് അനുവദിക്കുന്നതിന് അഴീക്കോട് മുൻ എംഎൽഎയും മുസ്ലിം ലീഗ് സംസ്ഥാന സെക്രട്ടറിയുമായ കെ.എം.ഷാജി 25 ലക്ഷം രൂപ കൈക്കൂലി വാങ്ങിയെന്ന കേസിലാണ് ഭാര്യയുടെ പേരിൽ കോഴിക്കോട് മാലൂർകുന്നിലുള്ള വീട് കണ്ടുകെട്ടുന്നത്. പ്ലസ് ടു കോഴക്കേസിൽ മുൻ എംഎൽഎ കെ.എം.ഷാജിയുടെ ഭാര്യയുടെ പേരിലുള്ള സ്വത്ത് കണ്ടുകെട്ടാൻ എൻഫോഴ്സ്മെന്റ് ഡയറക്ടറേറ്റ് (ഇഡി) നടപടി തുടങ്ങി.,
38710,"[0] ബോളിവുഡ് ഒന്നടങ്കം ആഘോഷിച്ച താരവിവാഹമായിരുന്നു രണ്‍വീര്‍ സിങ് ദീപിക പദുക്കോണിന്റേത്
[1] ആറു വര്‍ഷത്തെ പ്രണയത്തിനൊടുവില്‍ കഴിഞ്ഞ നവംബറിലാണ് ഇറ്റലിയില്‍ വച്ച് ഇരുവരും വിവാഹിതരായത്
[2] വിവാഹത്തിനു ശേഷവും താരജോഡികൾ വാർത്തയിൽ നിറയുകയാണ്",ആറു വർഷത്തെ പ്രണയത്തിനൊടുവിൽ കഴിഞ്ഞ നവംബറിലാണ് ഇറ്റലിയിൽ വച്ച് ഇരുവരും വിവാഹിതരായത്. ഒന്നടങ്കം ആഘോഷിച്ച താരവിവാഹമായിരുന്നു രൺവീർ സിങ് ദീപിക പദുക്കോണിന്റേത്.,
24573,"[0] ന്യൂഡൽഹി ∙ കർഷക സമരവുമായി ബന്ധപ്പെട്ട ‘ടൂൾകിറ്റ് കേസിൽ’ അറസ്റ്റിലായ പരിസ്ഥിതി പ്രവർത്തകയും ആക്ടിവിസ്റ്റുമായ ദിശ രവിയെ (22) മൂന്നു ദിവസം കൂടി ജൂഡിഷ്യൽ കസ്റ്റഡിയിൽ വയ്ക്കാൻ ഉത്തരവ്
[1] തെളിവു നശിപ്പിക്കാൻ സാധ്യതയുണ്ടെന്നു ഡൽഹി പൊലീസ് ചൂണ്ടിക്കാട്ടിയപ്പോഴാണു കോടതി കസ്റ്റഡി കാലാവധി നീട്ടിയത്",∙ കർഷക സമരവുമായി ബന്ധപ്പെട്ട 'ടൂൾകിറ്റ് കേസിൽ' അറസ്റ്റിലായ പരിസ്ഥിതി പ്രവർത്തകയും ആക്ടിവിസ്റ്റുമായ ദിശ രവിയെ (22) മൂന്നു ദിവസം കൂടി ജൂഡിഷ്യൽ കസ്റ്റഡിയിൽ വയ്ക്കാൻ ഉത്തരവ്. തെളിവു നശിപ്പിക്കാൻ സാധ്യതയുണ്ടെന്നു ഡൽഹി പൊലീസ് ചൂണ്ടിക്കാട്ടിയപ്പോഴാണു കോടതി കസ്റ്റഡി കാലാവധി നീട്ടിയത്.,
62887,"[0] പൊലീസ് നടത്തിയ അന്വേഷണത്തില്‍ കമിതാക്കള്‍ പിടിയിലായി
[1] യുവാവിനെതിരെ പെണ്‍കുട്ടിയെ തട്ടിക്കൊണ്ട് പോയെന്ന് കാട്ടി കേസെടുത്തു
[2] യുവാവുമായി ഏറെ നാളായി താന്‍ പ്രണയത്തിലാണെന്ന് പെണ്‍കുട്ടി സമ്മതിച്ചു
[3] തന്നോടൊപ്പം വരാന്‍ യുവാവ് ആവശ്യപ്പെട്ടതനുസരിച്ചാണ് പോയതെന്ന് പെണ്‍കുട്ടി പറഞ്ഞു
[4] പെണ്‍കുട്ടിയെ ലൈംഗിക ചൂഷണത്തിന് ഇരയാക്കിയിട്ടുണ്ടോ എന്നറിയാന്‍ വൈദ്യ പരിശോധനയ്ക്ക് വിധേയയാക്കി
[5] യുവാവിനെ കോടതിയില്‍ ഹാജരാക്കി",പെൺകുട്ടിയെ ലൈംഗിക ചൂഷണത്തിന് ഇരയാക്കിയിട്ടുണ്ടോ എന്നറിയാൻ വൈദ്യ പരിശോധനയ്ക്ക് വിധേയയാക്കി. യുവാവിനെതിരെ പെൺകുട്ടിയെ തട്ടിക്കൊണ്ട് പോയെന്ന് കാട്ടി കേസെടുത്തു.,
63262,"[0] ദില്ലി: കേരള തീരത്ത് രണ്ട് മത്സ്യത്തൊഴിലാളികളെ വെടിവച്ച് കൊന്ന കേസില്‍ ഇറ്റാലിയന്‍ നാവികരെ കടലിലെ ഭീകര പ്രവര്‍ത്തനങ്ങള്‍ക്കെതിരെയുള്ള 'സുവ' നിയമ പ്രകാരം വിചാരണ ചെയ്യാന്‍ അനുമതി
[1] കേന്ദ്ര ആഭ്യന്തര മന്ത്രാലയമാണ് ദേശീയ അന്വേഷണ ഏജന്‍സിക്ക് ഇതിന് അനുമതി നല്‍കിയത്
[2] സുവ നിയമ പ്രകാരം കടലില്‍ നടത്തുന്ന കൊലപാതകങ്ങള്‍ക്ക് വധശിക്ഷയാണ് നല്‍കേണ്ടത്
[3] എന്നാല്‍ നാവികര്‍ക്ക് വധശിക്ഷ നല്‍കില്ലെന്ന് ഇന്ത്യ ഇറ്റലിക്ക് നേരത്തെ തന്നെ ഉറപ്പ് നല്‍കിയിട്ടുണ്ട്
[4] ഈ സാഹചര്യത്തില്‍ കേസിന്റെ തുടര്‍ നടപടികള്‍ ആശങ്കാകുലമാണ്",കേരള തീരത്ത് രണ്ട് മത്സ്യത്തൊഴിലാളികളെ വെടിവച്ച് കൊന്ന കേസിൽ ഇറ്റാലിയൻ നാവികരെ കടലിലെ ഭീകര പ്രവർത്തനങ്ങൾക്കെതിരെയുള്ള 'സുവ' നിയമ പ്രകാരം വിചാരണ ചെയ്യാൻ അനുമതി. എന്നാൽ നാവികർക്ക് വധശിക്ഷ നൽകില്ലെന്ന് ഇന്ത്യ ഇറ്റലിക്ക് നേരത്തെ തന്നെ ഉറപ്പ് നൽകിയിട്ടുണ്ട്.,
71339,"[0] തൊടുപുഴ: പേരുദോഷം കൊണ്ട് കുപ്രസിദ്ധരാണ് കേരള പോലീസ്
[1] കഴിഞ്ഞ ദിവസം കൊച്ചിയില്‍ മാധ്യമപ്രവര്‍ത്തകനായ യുവാവിനും ആക്ടിവിസ്റ്റായ യുവതിക്കും പോലീസില്‍ നിന്നുണ്ടായ ദുരനുഭവം ഒടുവിലത്തെ ഉദാഹരണമാണ്
[2] പോലീസ് ക്രൂരതയ്ക്ക് ഇരയായി മരണപ്പെട്ട വിനായകനെയും മറക്കാറായിട്ടില്ല
[3] പോലീസ് കസ്റ്റഡിയില്‍ നിന്നും വിട്ടയച്ച ഒരു യുവാവ് തൊടുപുഴയില്‍ ആത്മഹത്യ ചെയ്തിരിക്കുന്നു
[4] പോലീസ് മര്‍ദനമാണോ മരണത്തിന് പ്രേരണയെന്ന കാര്യത്തില്‍ ഇതുവരെ സ്ഥിരീകരണമില്ല",കഴിഞ്ഞ ദിവസം കൊച്ചിയിൽ മാധ്യമപ്രവർത്തകനായ യുവാവിനും ആക്ടിവിസ്റ്റായ യുവതിക്കും പോലീസിൽ നിന്നുണ്ടായ ദുരനുഭവം ഒടുവിലത്തെ ഉദാഹരണമാണ്. പോലീസ് കസ്റ്റഡിയിൽ നിന്നും വിട്ടയച്ച ഒരു യുവാവ് തൊടുപുഴയിൽ ആത്മഹത്യ ചെയ്തിരിക്കുന്നു.,
43115,"[0] രണ്ടാം കോവിഡ് തരംഗത്തിന്‍റെ മൂര്‍ധന്യാവസ്ഥയില്‍ നിരവധി മരണങ്ങളും ഓക്സിജന്‍ ദൗര്‍ലഭ്യവുമൊക്കെ റിപ്പോര്‍ട്ട് ചെയ്യപ്പെട്ട ഇടമാണ് ദേശീയ തലസ്ഥാനനഗരമായ ഡല്‍ഹി
[1] എന്നാല്‍ നിലവില്‍ ഡല്‍ഹിയിലെ കോവിഡ് കണക്കുകള്‍ രാജ്യത്ത് കോവിഡ് മഹാമാരിയെന്ന നില വിട്ട് ഒരു പകര്‍ച്ചവ്യാധിയായി മാറുമെന്ന ശുഭസൂചനകള്‍ നല്‍കുന്നതാണ്
[2] ഗവണ്‍മെന്‍റ് പുറത്ത് വിട്ട കണക്കുകള്‍ പ്രകാരം കഴിഞ്ഞ ഞായറാഴ്ച കോവിഡ് ബാധിച്ച് ഒരു മരണം പോലും ദേശീയതലസ്ഥാന നഗരത്തില്‍ ഉണ്ടായില്ല
[3] 0.07 ശതമാനം പോസിറ്റീവിറ്റി നിരക്കുമായി 32 പുതിയ കേസുകള്‍ മാത്രമാണ് അന്നേ ദിവസം റിപ്പോര്‍ട്ട് ചെയ്തത്",എന്നാൽ നിലവിൽ ഡൽഹിയിലെ കോവിഡ് കണക്കുകൾ രാജ്യത്ത് കോവിഡ് മഹാമാരിയെന്ന നില വിട്ട് ഒരു പകർച്ചവ്യാധിയായി മാറുമെന്ന ശുഭസൂചനകൾ നൽകുന്നതാണ്. കോവിഡ് തരംഗത്തിൻറെ മൂർധന്യാവസ്ഥയിൽ നിരവധി മരണങ്ങളും ഓക്സിജൻ ദൌർലഭ്യവുമൊക്കെ റിപ്പോർട്ട് ചെയ്യപ്പെട്ട ഇടമാണ് ദേശീയ തലസ്ഥാനനഗരമായ ഡൽഹി.,
49020,"[0] കൊട്ടാരക്കര: പി ഡി പി റാലിയ്ക്ക് മുമ്പേ താന്‍ വിവാദപരമായ പ്രസംഗം നടത്തിയില്ലെന്ന് കേരളാ കോണ്‍ഗ്രസ്(ബി) നേതാവ് ആര്‍.ബാലകൃഷ്ണപിള്ള വ്യക്തമാക്കി
[1] ഗാന്ധിയന്‍ സമരമാര്‍ഗ്ഗങ്ങളാണ് സ്വീകരിക്കേണ്ടതെന്നാണ് താന്‍ പ്രസംഗിച്ചത്
[2] മദനിയുടെ മോചനം ഐക്യമുന്നണി നല്‍കിയ ഉറപ്പാണ്
[3] അതില്‍ നിന്ന് വ്യതിചലിയ്ക്കുകയാണ് ഇപ്പോള്‍ ഐക്യമുന്നണി എന്നാണ് താന്‍ പറഞ്ഞത്
[4] പ്രസംഗത്തിന് നാല് മണിയ്ക്കൂറിന് ശേഷമാണ് അക്രമമുണ്ടായത്
[5] ഇതിനെ എങ്ങനെ പ്രസംഗവുമായി ബന്ധപ്പെടുത്താനാവും",പി ഡി പി റാലിയ്ക്ക് മുമ്പേ താൻ വിവാദപരമായ പ്രസംഗം നടത്തിയില്ലെന്ന് കേരളാ കോൺഗ്രസ്(ബി) നേതാവ് ആർ.ബാലകൃഷ്ണപിള്ള വ്യക്തമാക്കി. അതിൽ നിന്ന് വ്യതിചലിയ്ക്കുകയാണ് ഇപ്പോൾ ഐക്യമുന്നണി എന്നാണ് താൻ പറഞ്ഞത്.,
59639,"[0] മൂല്യനിര്‍ണയത്തിന് ഒരു വര്‍ഷം വേണ്ടിവരുമെന്നതിനാല്‍ സര്‍വീസില്‍നിന്നു വിരമിക്കാനിരിക്കുന്ന സമിതിയംഗങ്ങളുടെ കാലാവധി ദീര്‍ഘിപ്പിച്ചുനല്‍കേണ്ടിവരുമെന്നുറപ്പായി
[1] അമൂല്യശേഖരത്തില്‍ ഉള്‍പ്പെട്ട രത്‌നങ്ങളുടെ ശാസ്ത്രീയ മൂല്യനിര്‍ണത്തിനായി വിദഗ്ധരുടെ പാനലും സമിതി തയാറാക്കി
[2] രത്‌നങ്ങളുടെ മൂല്യനിര്‍ണയത്തിന് വിദഗ്ധ സേവനം ആവശ്യമാണെന്ന് സമിതി ചെയര്‍മാന്‍ സി.വി
[3] ആനന്ദബോസ് പറഞ്ഞു",രത്നങ്ങളുടെ മൂല്യനിർണയത്തിന് വിദഗ്ധ സേവനം ആവശ്യമാണെന്ന് സമിതി ചെയർമാൻ സി.വി. അമൂല്യശേഖരത്തിൽ ഉൾപ്പെട്ട രത്നങ്ങളുടെ ശാസ്ത്രീയ മൂല്യനിർണത്തിനായി വിദഗ്ധരുടെ പാനലും സമിതി തയാറാക്കി.,
60276,"[0] ജിദ്ദ: സൗദിയില്‍ സ്വദേശിവത്കരണത്തിന്റെ തോത് കൂട്ടണമെന്ന ആവശ്യം ശക്തമാവുന്നു
[1] രണ്ടു കൊല്ലം മുന്‍പുള്ള റിക്രൂട്ട്‌മെന്റ് കണക്കുകള്‍ പുറത്തു വന്നതോടെയാണിത്
[2] 2009-10 സാമ്പത്തിക വര്‍ഷത്തില്‍ 17 ലക്ഷം വിദേശികളെ പൊതു-സ്വകാര്യ മേഖലകളിലേയ്ക്ക് റിക്രൂട്ട് ചെയ്തിട്ടുണ്ട്
[3] അതേസമയം ഇക്കാലയളവില്‍ 1.16ലക്ഷം സ്വദേശികള്‍ക്ക് മാത്രമാണ് ജോലി ലഭിച്ചതെന്നും തൊഴില്‍ മന്ത്രാലയം പുറത്തു വിട്ട കണക്ക് സൂചിപ്പിയ്ക്കുന്നു",അതേസമയം ഇക്കാലയളവിൽ 1.16ലക്ഷം സ്വദേശികൾക്ക് മാത്രമാണ് ജോലി ലഭിച്ചതെന്നും തൊഴിൽ മന്ത്രാലയം പുറത്തു വിട്ട കണക്ക് സൂചിപ്പിയ്ക്കുന്നു. 2009-10 സാമ്പത്തിക വർഷത്തിൽ 17 ലക്ഷം വിദേശികളെ പൊതു-സ്വകാര്യ മേഖലകളിലേയ്ക്ക് റിക്രൂട്ട് ചെയ്തിട്ടുണ്ട്.,
88022,"[0] കൊല്ലം: കുലശേഖപുരത്ത് വയോധിക തീ പൊള്ളലേറ്റ് മരിച്ച സംഭവം കൊലപാതകമെന്ന് പൊലീസ്
[1] കുലശേഖരപുരം സ്വദേശി നളിനാക്ഷി (86) ആണ് മരിച്ചത്
[2] സംഭവം കൊലപാതകമെന്ന് പൊലീസ് സ്ഥിരീകരിച്ചു
[3] നളിനാക്ഷിയുടെ മരുമകൾ രാധാമണിയാണ് കൃത്യത്തിന് പിന്നിലെന്ന് പൊലീസ് കണ്ടെത്തി
[4] പൊലീസ് നടത്തിയ വിശദമായ ചോദ്യം ചെയ്യലിനെ തുടർന്ന് രാധാമണി അറസ്റ്റിലായി
[5] ഇക്കഴിഞ്ഞ ഒക്ടോബർ 29ന് കൊല്ലം കുലശേഖരപുരത്താണ് സംഭവം
[6] വയോധികയായ നളിനാക്ഷിയെ തീപ്പൊള്ളലേറ്റ നിലയിൽ വീട്ടിൽ കണ്ടെത്തുകയായിരുന്നു
[7] തുടർന്ന് ഉടൻ തന്നെ ഇവരെ ആശുപത്രിയിൽ എത്തിച്ചെങ്കിലും ജീവൻ രക്ഷിക്കാനായില്ല
[8] നളിനാക്ഷി സ്വയം തീകൊളുത്തി ആത്മഹത്യ ചെയ്തതെന്നായിരുന്നു പൊലീസിൻ്റെ പ്രാഥമിക നിഗമനം",നളിനാക്ഷി സ്വയം തീകൊളുത്തി ആത്മഹത്യ ചെയ്തതെന്നായിരുന്നു പൊലീസിൻ്റെ പ്രാഥമിക നിഗമനം. കുലശേഖപുരത്ത് വയോധിക തീ പൊള്ളലേറ്റ് മരിച്ച സംഭവം കൊലപാതകമെന്ന് പൊലീസ്.,
44880,"[0] ഹൃദ്രോഗപ്രശ്നങ്ങള്‍, പക്ഷാഘാതം എന്നിങ്ങനെ ജീവന്‍ തന്നെ കവര്‍ന്നെടുക്കുന്ന പല സങ്കീർണതകളിലേക്കും നയിക്കുന്ന രോഗാവസ്ഥയാണ് ശരീരത്തിലെ ഉയര്‍ന്ന കൊളസ്ട്രോള്‍ തോത്
[1] നമ്മുടെ ജീവിതശൈലിയും ഭക്ഷണക്രമവുമാണ് ഇവിടുത്തെ വില്ലന്‍
[2] കാര്‍ബോഹൈഡ്രേറ്റ് തോത് ഉയര്‍ന്ന ഭക്ഷണക്രമത്തിന് പകരം മെഡിറ്ററേനിയന്‍ ഡയറ്റ് പോലുള്ള ഭക്ഷണശീലങ്ങള്‍ പിന്തുടരുന്നത് കൊളസ്ട്രോള്‍ നിയന്ത്രണത്തില്‍ നിര്‍ത്താന്‍ സഹായകമാണെന്ന് ഡയറ്റീഷ്യന്മാര്‍ പറയുന്നു",കാർബോഹൈഡ്രേറ്റ് തോത് ഉയർന്ന ഭക്ഷണക്രമത്തിന് പകരം മെഡിറ്ററേനിയൻ ഡയറ്റ് പോലുള്ള ഭക്ഷണശീലങ്ങൾ പിന്തുടരുന്നത് കൊളസ്ട്രോൾ നിയന്ത്രണത്തിൽ നിർത്താൻ സഹായകമാണെന്ന് ഡയറ്റീഷ്യന്മാർ പറയുന്നു. പക്ഷാഘാതം എന്നിങ്ങനെ ജീവൻ തന്നെ കവർന്നെടുക്കുന്ന പല സങ്കീർണതകളിലേക്കും നയിക്കുന്ന രോഗാവസ്ഥയാണ് ശരീരത്തിലെ ഉയർന്ന കൊളസ്ട്രോൾ തോത്.,
33932,"[0] തിരുവനന്തപുരം∙ കെ.ടി
[1] ജലീലിന് സിപിഎം പിന്തുണയില്ലെന്ന വാർത്തകൾ മാധ്യമസൃഷ്ടിയെന്ന് സിപിഎം സംസ്ഥാന സെക്രട്ടറി എ.വിജയരാഘവൻ
[2] ലീഗിനെ എക്കാലവും സിപിഎം രാഷ്ട്രീയമായി എതിർക്കുന്നു",ജലീലിന് സിപിഎം പിന്തുണയില്ലെന്ന വാർത്തകൾ മാധ്യമസൃഷ്ടിയെന്ന് സിപിഎം സംസ്ഥാന സെക്രട്ടറി എ.വിജയരാഘവൻ. ലീഗിനെ എക്കാലവും സിപിഎം രാഷ്ട്രീയമായി എതിർക്കുന്നു.,
34431,"[0] വെല്ലിങ്ടൻ ∙ കഴിഞ്ഞ മാസം ന്യൂസീലൻഡിലെ ക്രൈസ്റ്റ്ചർച്ചിലുള്ള 2 മുസ്‍ലിം പള്ളികളിൽ കയറി 50 വിശ്വാസികളെ വെടിവച്ചുകൊന്ന സ്ഥലത്തിനടുത്ത് ബോംബും സ്ഫോടന സാമഗ്രികളുമുണ്ടെന്ന് സംശയിക്കുന്ന പായ്ക്കറ്റ് കണ്ടെത്തി
[1] ക്രൈസ്റ്റ്ചർച്ചിൽ നിന്ന് ഒരു കിലോമീറ്റർ അകലെയുള്ള ഫിലിപ്സ്ടൗൺ പ്രദേശത്തെ ന്യൂകാസിൽ സ്ട്രീറ്റിൽ ആളൊഴിഞ്ഞ സ്ഥലത്തു നിന്ന് പൊലീസ് കണ്ടെടുത്ത ഇവ മിലിട്ടറി പൊലീസിന്റെ ബോംബ് സ്ക്വാഡിനു കൈമാറി
[2] 33 വയസ്സുള്ള സ്ഥലവാസിയെ അറസ്റ്റ് ചെയ്തിട്ടുണ്ട്
[3] മാർച്ച് 15 ന് പള്ളികളിൽ കയറി മുസ്‌ലിംകളെ വെടിവച്ചുവീഴ്ത്തിയ ഓസ്ട്രേലിയക്കാരനായ ബ്രെന്റൻ ടറന്റ് (28) ഓക്‌ലൻഡിലെ ജയിലിലാണിപ്പോൾ",∙ കഴിഞ്ഞ മാസം ന്യൂസീലൻഡിലെ ക്രൈസ്റ്റ്ചർച്ചിലുള്ള 2 മുസ്ലിം പള്ളികളിൽ കയറി 50 വിശ്വാസികളെ വെടിവച്ചുകൊന്ന സ്ഥലത്തിനടുത്ത് ബോംബും സ്ഫോടന സാമഗ്രികളുമുണ്ടെന്ന് സംശയിക്കുന്ന പായ്ക്കറ്റ് കണ്ടെത്തി. ക്രൈസ്റ്റ്ചർച്ചിൽ നിന്ന് ഒരു കിലോമീറ്റർ അകലെയുള്ള ഫിലിപ്സ്ടൌൺ പ്രദേശത്തെ ന്യൂകാസിൽ സ്ട്രീറ്റിൽ ആളൊഴിഞ്ഞ സ്ഥലത്തു നിന്ന് പൊലീസ് കണ്ടെടുത്ത ഇവ മിലിട്ടറി പൊലീസിന്റെ ബോംബ് സ്ക്വാഡിനു കൈമാറി.,
26779,"[0] ചെന്നൈ∙ ഓണ്‍ലൈന്‍ ഡെലിവറി ബോയിയെ കത്തികാട്ടി കൊള്ളയടിച്ച കേസില്‍ മലയാളി ഗുണ്ട ചെന്നൈയില്‍ അറസ്റ്റില്‍
[1] 20ല്‍ അധികം കേസുകളില്‍ പ്രതിയായ തിരുവനന്തപുരം സ്വദേശി ബിനു പാപ്പച്ചനാണ് അറസ്റ്റിലായത്
[2] കഴിഞ്ഞ ബുധനാഴ്ച, തേനാംപെട്ടില്‍ വച്ച് ഓണ്‍ലൈന്‍ സ്ഥാപനത്തിന്റെ ഡെലിവറി ബോയിയായ എന്‍.ജാനകിരാമനെ കൊള്ളയടിച്ചെന്ന പരാതിയിലാണ് അറസ്റ്റ്","കഴിഞ്ഞ ബുധനാഴ്ച, തേനാംപെട്ടിൽ വച്ച് ഓൺലൈൻ സ്ഥാപനത്തിന്റെ ഡെലിവറി ബോയിയായ എൻ.ജാനകിരാമനെ കൊള്ളയടിച്ചെന്ന പരാതിയിലാണ് അറസ്റ്റ്. ഓൺലൈൻ ഡെലിവറി ബോയിയെ കത്തികാട്ടി കൊള്ളയടിച്ച കേസിൽ മലയാളി ഗുണ്ട ചെന്നൈയിൽ അറസ്റ്റിൽ.",
3727,"[0] തിരുവനന്തപുരം ∙ സംസ്ഥാനത്തു തെക്കു പടിഞ്ഞാറൻ കാലവർഷമെത്തി
[1] സാധാരണ ജൂൺ ഒന്നിനു തുടങ്ങേണ്ട കാലവർഷം മൂന്നു ദിവസം മുൻപേ എത്തിയതായി കേന്ദ്ര കാലാവസ്ഥാ വകുപ്പ് സ്ഥിരീകരിച്ചു
[2] ഈ മാസം 27ന് എത്തിയേക്കും എന്നായിരുന്നു ആദ്യ പ്രവചനം
[3] കഴിഞ്ഞ 10 വർഷത്തിനിടെ ഇതു മൂന്നാം തവണയാണു ജൂൺ ഒന്നിനു മുൻപ് കാലവർഷം എത്തുന്നത്
[4] 2017, 2018 വർഷങ്ങളിലുമായിരുന്നു മുൻപ്",സാധാരണ ജൂൺ ഒന്നിനു തുടങ്ങേണ്ട കാലവർഷം മൂന്നു ദിവസം മുൻപേ എത്തിയതായി കേന്ദ്ര കാലാവസ്ഥാ വകുപ്പ് സ്ഥിരീകരിച്ചു. കഴിഞ്ഞ 10 വർഷത്തിനിടെ ഇതു മൂന്നാം തവണയാണു ജൂൺ ഒന്നിനു മുൻപ് കാലവർഷം എത്തുന്നത്.,
74929,"[0] കൊല്ലം: ജനുവരി ഒന്നിന് നടക്കുന്ന വനിതാ മതിലില്‍ ജില്ലയിലെ കടമ്പാട്ടുകോണം മുതല്‍ ഓച്ചിറവരെയുള്ള ദൈര്‍ഘ്യത്തില്‍ രണ്ടു ലക്ഷം അംഗങ്ങളെ പങ്കെടുപ്പിക്കാന്‍ കുടുംബശ്രീ സി.ഡി.എസ്
[1] ചെയര്‍പേഴ്‌സണ്‍മാരുടെ യോഗം തീരുമാനിച്ചു
[2] കൊട്ടിയം ക്രിസ്തുജ്യോതി അനിമേഷന്‍ സെന്ററില്‍ നടന്ന യോഗം ഫിഷറീസ് മന്ത്രി ജെ
[3] മേഴ്‌സിക്കുട്ടിയമ്മ ഉദ്ഘാടനം ചെയ്തു
[4] ഇതിനായി ജില്ലയിലെ 24,328 അയല്‍കൂട്ടങ്ങളുടെയും 1,419 എ.ഡി.എസുകളുടെയും 74 സി.ഡി.എസുകളുടെയും പ്രത്യേക യോഗങ്ങള്‍ ഡിസംബര്‍ 27നകം സംഘടിപ്പിക്കും
[5] കുടുംബശ്രീ പ്രവര്‍ത്തകരുടെ നേതൃത്വത്തില്‍ ഭവന സന്ദര്‍ശനവും കുടുംബ യോഗങ്ങളും വനിതാ മതിലിന്റെ വിജയത്തിനായിനടത്തും","ജനുവരി ഒന്നിന് നടക്കുന്ന വനിതാ മതിലിൽ ജില്ലയിലെ കടമ്പാട്ടുകോണം മുതൽ ഓച്ചിറവരെയുള്ള ദൈർഘ്യത്തിൽ രണ്ടു ലക്ഷം അംഗങ്ങളെ പങ്കെടുപ്പിക്കാൻ കുടുംബശ്രീ സി.ഡി.എസ്. ഇതിനായി ജില്ലയിലെ 24,328 അയൽകൂട്ടങ്ങളുടെയും 1,419 എ.ഡി.എസുകളുടെയും 74 സി.ഡി.എസുകളുടെയും പ്രത്യേക യോഗങ്ങൾ ഡിസംബർ 27നകം സംഘടിപ്പിക്കും.",
22367,"[0] രണ്ടാം പിണറായി സർക്കാരിന്റെ സ്വപ്ന പദ്ധതി എന്നു വിശേഷിപ്പിക്കാവുന്ന ഒന്നാണ് സില്‍വര്‍ലൈന്‍ സെമിഹൈസ്പീഡ് റെയില്‍ പദ്ധതി
[1] തിരുവനന്തപുരം മുതൽ കാസർകോടു വരെ വെറും നാലു മണിക്കൂർ കൊണ്ട് എത്താൻ സാധിക്കുന്ന ഈ അതിവേഗ പാത കേരളത്തിന്റെ പൊതുമണ്ഡലത്തിൽ ഇപ്പോൾ മുഖ്യ ചർച്ചാ വിഷയമാണ്
[2] ഇന്ത്യന്‍ റെയില്‍വെയുടെയും സംസ്ഥാന സര്‍ക്കാരിന്റെയും സംയുക്ത സംരംഭമായ കെ-റെയിലിന്റെ കീഴിലുള്ള ഈ പദ്ധതിയുടെ ഗുണഫലങ്ങൾ കൊട്ടിഘോഷിച്ച് സര്‍ക്കാര്‍ മുന്നോട്ടു പോകുമ്പോള്‍ ഇതുമായി ബന്ധപ്പെട്ട വാദപ്രതിവാദങ്ങള്‍ക്കും ചൂടേറുകയാണ്
[3] എന്തു വിലകൊടുത്തും സംസ്ഥാന സര്‍ക്കാര്‍ നടപ്പാക്കാന്‍ ശ്രമിക്കുന്ന സില്‍വര്‍ലൈന്‍ പദ്ധതി എന്താണ്? എന്തുകൊണ്ടാണ് രണ്ടു ചേരികള്‍ ഇതില്‍ രൂപപ്പെട്ടത്? കേരളത്തിന് അത്യാവശ്യമാണോ സില്‍വര്‍ലൈന്‍? എന്തുകൊണ്ട് ഈ പദ്ധതി എതിര്‍ക്കപ്പെടുന്നു?
[4] കാണാം മനോരമ എക്സ്പ്ലെയിനർ..",ഇന്ത്യൻ റെയിൽവെയുടെയും സംസ്ഥാന സർക്കാരിന്റെയും സംയുക്ത സംരംഭമായ കെ-റെയിലിന്റെ കീഴിലുള്ള ഈ പദ്ധതിയുടെ ഗുണഫലങ്ങൾ കൊട്ടിഘോഷിച്ച് സർക്കാർ മുന്നോട്ടു പോകുമ്പോൾ ഇതുമായി ബന്ധപ്പെട്ട വാദപ്രതിവാദങ്ങൾക്കും ചൂടേറുകയാണ്. തിരുവനന്തപുരം മുതൽ കാസർകോടു വരെ വെറും നാലു മണിക്കൂർ കൊണ്ട് എത്താൻ സാധിക്കുന്ന ഈ അതിവേഗ പാത കേരളത്തിന്റെ പൊതുമണ്ഡലത്തിൽ ഇപ്പോൾ മുഖ്യ ചർച്ചാ വിഷയമാണ്.,
78695,"[0] കോഴിക്കോട്: പ്രവാസികളെ സ്വീകരിക്കാന്‍ കേരളക്കര ഒരുങ്ങി കഴിഞ്ഞു
[1] സര്‍ക്കാര്‍ എല്ലാ നടപടികളും അതിവേഗം സ്വീകരിച്ചുവരികയാണ്
[2] മതസംഘടനകള്‍ എല്ലാ പിന്തുണയും വാഗ്ദാനം ചെയ്തിട്ടുണ്ട്
[3] മതസ്ഥാപനങ്ങള്‍, ഹോട്ടലുകള്‍, സര്‍ക്കാര്‍ സ്ഥാപനങ്ങള്‍ എന്നിവിടങ്ങളെല്ലാം പ്രവാസികളെ പാര്‍പ്പിക്കാന്‍ പ്രത്യേകമായി ഒരുങ്ങുന്നു
[4] പ്രവാസികളെ നാട്ടിലെത്തിക്കുന്നതിന് ഇടപെടല്‍ നടത്താന്‍ കേന്ദ്രത്തോട് ആവശ്യപ്പെട്ടു
[5] ഇവര്‍ക്ക് വേണ്ട സൗകര്യം തങ്ങള്‍ ഒരുക്കാമെന്നാണ് കേരളം അറിയിച്ചിട്ടുള്ളത്
[6] തിരിച്ചെത്തുന്ന പ്രവാസികള്‍ക്ക് ക്വാറന്റൈന്‍ സൗകര്യമൊരുക്കുകയാണ് ആദ്യം ചെയ്യുക
[7] ആഡംബര വീടുകള്‍ ആവശ്യമുള്ളവര്‍ക്ക് പണം നല്‍കി അവസരം ഒരുക്കാനും ആലോചിക്കുന്നുണ്ട്
[8] മലപ്പുറത്തും കോഴിക്കോടുമാണ് കൂടുതല്‍ സൗകര്യം ഒരുക്കുന്നത്
[9] വിശദാംശങ്ങള്‍ ഇങ്ങനെ...","മതസ്ഥാപനങ്ങൾ, ഹോട്ടലുകൾ, സർക്കാർ സ്ഥാപനങ്ങൾ എന്നിവിടങ്ങളെല്ലാം പ്രവാസികളെ പാർപ്പിക്കാൻ പ്രത്യേകമായി ഒരുങ്ങുന്നു. ആഡംബര വീടുകൾ ആവശ്യമുള്ളവർക്ക് പണം നൽകി അവസരം ഒരുക്കാനും ആലോചിക്കുന്നുണ്ട്.",
4287,[0] കോഴിക്കോട് ∙ നിർമാണത്തിലിരിക്കെ കൂളിമാട് പാലത്തിന്റെ ബീമുകൾ തകർന്ന സംഭവത്തിൽ പൊതുമരാമത്ത് വിജിലൻസിന്റെ അന്വേഷണ റിപ്പോർട്ട് പരിശോധിച്ച് ഉടൻ നടപടിയെടുക്കുമെന്നു വകുപ്പു സെക്രട്ടറി അജിത്ത് കുമാർ പറഞ്ഞു,∙ നിർമാണത്തിലിരിക്കെ കൂളിമാട് പാലത്തിന്റെ ബീമുകൾ തകർന്ന സംഭവത്തിൽ പൊതുമരാമത്ത് വിജിലൻസിന്റെ അന്വേഷണ റിപ്പോർട്ട് പരിശോധിച്ച് ഉടൻ നടപടിയെടുക്കുമെന്നു വകുപ്പു സെക്രട്ടറി അജിത്ത് കുമാർ പറഞ്ഞു.,
87948,"[0] കോട്ടയം: കോട്ടയം പത്തനംതിട്ട ജില്ലകളില്‍ ഉരുള്‍പൊട്ടലില്‍ രണ്ട് വീടുകള്‍ തകര്‍ന്നു
[1] കോട്ടയം എരുമേലി കണമലയില്‍ രണ്ടിത്താണ് ഉരുള്‍പൊട്ടിയത്
[2] രണ്ട് വീടുകതള്‍ തകരുകയും ചെയ്തു
[3] പനന്തോട്ടം ജോസ്, തെന്നി പ്ലാക്കല്‍ ജോബിന്‍ എന്നിവരുടെ വീടുകളാണ് തകര്‍ന്നത്
[4] ജോബിന്റെ പ്രായമായ അമ്മ ചിന്നമ്മക്ക് പരിക്കേല്‍ക്കുകയും ചെയ്തു
[5] വീടിനുള്ളില്‍ നിന്നും ആളുകളെ സാഹസികമായാണ് സംഘം രക്ഷപ്പെടുത്തിയത്
[6] ഒരു പ്രായമായ സ്ത്രീ ഉള്‍പ്പെടെ 7 പേരെ രക്ഷപ്പെടുത്തി
[7] ജോസിന്റെ വീട്ടിന്റെ കാര്‍പോര്‍ച്ചില്‍ ഉണ്ടായിരുന്ന ഓട്ടോയും ഒരു ബൈക്കും ഒലിച്ചു പോയി
[8] ഉരുള്‍പൊട്ടല്‍ കാരണം കണമല, എഴുത്വാപുഴ, ഇടകടത്തി എന്നിവടങ്ങളില്‍ ഗതാഗത തടസമുണ്ടായിട്ടുണ്ട്
[9] കോന്നി കക്കത്തോട് എന്നിവിടങ്ങളില്‍ ഒരേക്കര്‍ ഭാഗത്ത് വെള്ളം കയറി
[10] ഇവിടെനാല് വീടുകള്‍ വെള്ളത്തിനടയിലായി
[11] ഇവിടെ താമസിച്ചിരുന്നവരെ സുരക്ഷിതമായി മാറ്റിപ്പാര്‍പ്പിച്ചുവെന്ന് അധികൃതര്‍ പറഞ്ഞു
[12] കോന്നിയില്‍ കൊക്കാത്തോട് ഭാഗത്ത് അച്ചന്‍കോവില്‍ ആറ്റില്‍ ജലനിരപ്പ് ഉയര്‍ന്ന്, രാത്രിയില്‍ 5 വിടുകളില്‍ വെള്ളം കയറി
[13] ആള്‍ക്കാളെ അയല്‍ വീടുകളിലേക്ക് മാറ്റിയിരിക്കുകയാണ്
[14] ഐരവണ്‍ ഭാഗത്ത് റോഡ് ഗതാഗതം തടസപ്പെട്ടു
[15] ഇന്നലെ രാത്രയില്‍ ചിറ്റാര്‍ - സിതത്തോട് മേഖലയിലും കനത്ത മഴ പെയ്തു","കോന്നിയിൽ കൊക്കാത്തോട് ഭാഗത്ത് അച്ചൻകോവിൽ ആറ്റിൽ ജലനിരപ്പ് ഉയർന്ന്, രാത്രിയിൽ 5 വിടുകളിൽ വെള്ളം കയറി. ഇന്നലെ രാത്രയിൽ ചിറ്റാർ - സിതത്തോട് മേഖലയിലും കനത്ത മഴ പെയ്തു.",
12825,"[0] ‘വിഎസ് സുഖമായിരിക്കുന്നു...’ മലയാളികൾ കേൾക്കാൻ ആഗ്രഹിക്കുന്ന സുഖവിവരമാണിത്
[1] ആ രണ്ടു വരിയിൽ മലയാളികൾക്ക് ആശ്വാസത്തിന്റെ ചിരിയുണ്ട്
[2] കോവിഡ് മഹാമാരി നാടാകെ ഭീതി വിതയ്ക്കുമ്പോഴും വി.എസ്
[3] അച്യുതാനന്ദൻ തലസ്ഥാനത്ത് ബാർട്ടൺ ഹില്ലിലെ ‘വേലിക്കകത്ത്’ വീട്ടിൽ സേഫായിരിക്കുന്നു
[4] രണ്ടു ഡോസ് കോവിഡ് വാക്സീനും സ്വീകരിച്ചു
[5] പത്രം വായിച്ചും വായിപ്പിച്ചും ടെലിവിഷൻ കണ്ടും സമയം നീക്കുന്നു",അച്യുതാനന്ദൻ തലസ്ഥാനത്ത് ബാർട്ടൺ ഹില്ലിലെ 'വേലിക്കകത്ത്' വീട്ടിൽ സേഫായിരിക്കുന്നു. കോവിഡ് മഹാമാരി നാടാകെ ഭീതി വിതയ്ക്കുമ്പോഴും വി.എസ്.,
39938,"[0] നിപ്പ രോഗം സംശയിക്കുന്നവരുടെ സാംപിൾ പരിശോധാന ഇനി എറണാകുളം മെഡിക്കൽകോളജിൽത്തന്നെ നടത്തും
[1] പരിശോധാനാ ഫലം 40 മിനിറ്റിനുള്ളിൽ ലഭ്യമാകും
[2] നിപ്പ വൈറസ് പരിശോധന നടത്തുന്നതിനുള്ള പോയിന്റ് ഓഫ് കെയർ ലാബ് സൗകര്യം പുണെ നാഷനൽ ഇൻസ്റ്റിറ്റ്യൂട്ട് ഓഫ് വൈറോളജിയുടെ (എൻഐവി) സഹായത്തോടെ കളമശ്ശേരിയിലുള്ള മെഡിക്കൽ കോളജിലെ മൈക്രോ ബയോളജി ലാബിൽ സജ്ജമാക്കി",നിപ്പ വൈറസ് പരിശോധന നടത്തുന്നതിനുള്ള പോയിന്റ് ഓഫ് കെയർ ലാബ് സൌകര്യം പുണെ നാഷനൽ ഇൻസ്റ്റിറ്റ്യൂട്ട് ഓഫ് വൈറോളജിയുടെ (എൻഐവി) സഹായത്തോടെ കളമശ്ശേരിയിലുള്ള മെഡിക്കൽ കോളജിലെ മൈക്രോ ബയോളജി ലാബിൽ സജ്ജമാക്കി. രോഗം സംശയിക്കുന്നവരുടെ സാംപിൾ പരിശോധാന ഇനി എറണാകുളം മെഡിക്കൽകോളജിൽത്തന്നെ നടത്തും.,
87617,"[0] ആലപ്പുഴ: കൊവിഡിന്റെ രണ്ടാം തരംഗത്തെ തുടര്‍ന്ന് സംസ്ഥാനത്തെ ബീച്ചുകളും പാര്‍ക്കുകളും അടിച്ചിട്ട അവസ്ഥയിലാണ്
[1] കൊവിഡ് കേസുകളില്‍ കുറവ് വന്ന സാഹചര്യത്തില്‍ വിനോദ സഞ്ചാര മേഖല ഘട്ടം ഘട്ടമായി തുറന്നുകൊണ്ടിരിക്കുകയാണ്
[2] കൊവിഡ് വിനോദ സഞ്ചാര മേഖലയില്‍ വലിയ പ്രതിസന്ധിയാണ് സൃഷ്ടിച്ചത്
[3] എന്നാല്‍ ഇപ്പോഴിതാ സംസ്ഥാനത്തെ വിവിധ ജില്ലകളില്‍ വിനോദ സഞ്ചാര മേഖല ഘട്ടം ഘട്ടമായി തുറക്കുന്നതിന്റെ ഭാഗമായി ആലപ്പുഴ ജില്ലയിലെ ബീച്ചുകളും പാര്‍ക്കുകളും നിയന്ത്രണങ്ങളോടെ ഒക്ടോബര്‍ നാലു മുതല്‍ തുറന്നു പ്രവര്‍ത്തിക്കാന്‍ അനുമതി നല്‍കി ജില്ലാ കളക്ടര്‍ ഉത്തരവിട്ടു
[4] കൃത്യമായ മാര്‍ഗ നിര്‍ദ്ദേശങ്ങളുടെ അടിസ്ഥാനത്തിലാണ് വിനോദ സഞ്ചാര മേഖല തുറന്നു പ്രവര്‍ത്തിക്കുകയെന്ന് കളക്ടര്‍ അറിയിച്ചിട്ടുണ്ട്
[5] ജില്ലാ ദുരന്ത നിവാരണ അതോറിറ്റിയാണ് മാര്‍ഗ നിര്‍ദ്ദേശങ്ങള്‍ പുറപ്പെടുവിച്ചിരിക്കുന്നത്",എന്നാൽ ഇപ്പോഴിതാ സംസ്ഥാനത്തെ വിവിധ ജില്ലകളിൽ വിനോദ സഞ്ചാര മേഖല ഘട്ടം ഘട്ടമായി തുറക്കുന്നതിന്റെ ഭാഗമായി ആലപ്പുഴ ജില്ലയിലെ ബീച്ചുകളും പാർക്കുകളും നിയന്ത്രണങ്ങളോടെ ഒക്ടോബർ നാലു മുതൽ തുറന്നു പ്രവർത്തിക്കാൻ അനുമതി നൽകി ജില്ലാ കളക്ടർ ഉത്തരവിട്ടു. കൊവിഡ് കേസുകളിൽ കുറവ് വന്ന സാഹചര്യത്തിൽ വിനോദ സഞ്ചാര മേഖല ഘട്ടം ഘട്ടമായി തുറന്നുകൊണ്ടിരിക്കുകയാണ്.,
34352,"[0] ടോക്കിയോ ∙ ‘ലോകത്തിലേറ്റവും ഭാരക്കുറവോടെ ജനിച്ച് മരണത്തെ അതിജീവിച്ച ആൺകുട്ടി’ എന്ന റെക്കോർഡോടെ റയ്സുകെ എന്ന കുഞ്ഞ് ആശുപത്രിയിൽ നിന്ന്നു മടങ്ങുന്നു
[1] ജനിച്ചപ്പോൾ കഷ്ടിച്ച് ഒരു ആപ്പിളിന്റെ ഭാരം (258 ഗ്രാം) മാത്രമാണുണ്ടായിരുന്നത്
[2] അമ്മയ്ക്ക് രക്തസമ്മർദം കൂടിയതിനെത്തുടർന്ന് ഗർഭത്തിൽ 24 ആഴ്ചയും അഞ്ചു ദിവസവും പ്രായമുളളപ്പോഴാണ് കഴിഞ്ഞ ഒക്ടോബർ ഒന്നിന് കുഞ്ഞിനെ സീസേറിയനിലൂടെ പുറത്തെടുത്തത്
[3] അന്ന് 22 സെന്റിമീറ്റർ മാത്രമായിരുന്നു ഉയരം",അമ്മയ്ക്ക് രക്തസമ്മർദം കൂടിയതിനെത്തുടർന്ന് ഗർഭത്തിൽ 24 ആഴ്ചയും അഞ്ചു ദിവസവും പ്രായമുളളപ്പോഴാണ് കഴിഞ്ഞ ഒക്ടോബർ ഒന്നിന് കുഞ്ഞിനെ സീസേറിയനിലൂടെ പുറത്തെടുത്തത്. ∙ 'ലോകത്തിലേറ്റവും ഭാരക്കുറവോടെ ജനിച്ച് മരണത്തെ അതിജീവിച്ച ആൺകുട്ടി' എന്ന റെക്കോർഡോടെ റയ്സുകെ എന്ന കുഞ്ഞ് ആശുപത്രിയിൽ നിന്ന്നു മടങ്ങുന്നു.,
33627,"[0] തിരുവനന്തപുരം∙ യുക്രെയ്നിലെ യുദ്ധമേഖലയിൽ കുടുങ്ങിയ വിദ്യാർഥികളെ റഷ്യ വഴി സുരക്ഷിതമായി പുറത്തെത്തിക്കാൻ അടിയന്തര ഇടപെടൽ ആവശ്യപ്പെട്ടു പ്രധാനമന്ത്രി നരേന്ദ്ര മോദിക്കു മുഖ്യമന്ത്രി പിണറായി വിജയൻ കത്തയച്ചു
[1] വിദ്യാർഥികൾക്കു പുറത്തു കടക്കാൻ മാനുഷിക പരി​ഗണന മുൻനിർത്തി സുരക്ഷിത പാത ഒരുക്കുന്നതിനു പ്രധാനമന്ത്രി റഷ്യൻ നേതൃത്വവുമായി അടിയന്തരമായി ഇടപെടണം",യുക്രെയ്നിലെ യുദ്ധമേഖലയിൽ കുടുങ്ങിയ വിദ്യാർഥികളെ റഷ്യ വഴി സുരക്ഷിതമായി പുറത്തെത്തിക്കാൻ അടിയന്തര ഇടപെടൽ ആവശ്യപ്പെട്ടു പ്രധാനമന്ത്രി നരേന്ദ്ര മോദിക്കു മുഖ്യമന്ത്രി പിണറായി വിജയൻ കത്തയച്ചു. വിദ്യാർഥികൾക്കു പുറത്തു കടക്കാൻ മാനുഷിക പരി ഗണന മുൻനിർത്തി സുരക്ഷിത പാത ഒരുക്കുന്നതിനു പ്രധാനമന്ത്രി റഷ്യൻ നേതൃത്വവുമായി അടിയന്തരമായി ഇടപെടണം.,
19524,"[0] ന്യൂഡൽഹി ∙ ചരിത്രപ്രസിദ്ധമായ കുത്തബ്മിനാറിൽ വീണ്ടും ഖനനം നട‌ത്താൻ നി‌‌ർദേശം നൽകിയെന്ന വാർത്തകൾ കേന്ദ്ര സാംസ്‌കാരിക മന്ത്രാലയം നിഷേധിച്ചു
[1] ക‌ുത്തബ്മിനാറിന്റെ പരിസരത്തു ഹിന്ദു ദൈവങ്ങളുടെ പ്രതിഷ്ഠയുണ്ടെന്ന വാ‌ദങ്ങൾക്കു പിന്നാലെ ഇവിടെ വീണ്ടും പരിശോധന നടത്താൻ ആർക്കിയോളജിക്കൽ സർവേ ഓഫ് ഇന്ത്യ(എഎസ്ഐ) നിർദേശം നൽകിയെന്ന തരത്തിൽ വാർത്തകൾ പ്രചരിച്ചിരുന്നു
[2] എന്നാൽ ഇത്തരമൊരു നിർദേശവും നൽകിയിട്ടില്ലെന്നു ‌മന്ത്രാലയം വ്യ‌ക്തമാക്കി",കുത്തബ്മിനാറിന്റെ പരിസരത്തു ഹിന്ദു ദൈവങ്ങളുടെ പ്രതിഷ്ഠയുണ്ടെന്ന വാദങ്ങൾക്കു പിന്നാലെ ഇവിടെ വീണ്ടും പരിശോധന നടത്താൻ ആർക്കിയോളജിക്കൽ സർവേ ഓഫ് ഇന്ത്യ(എഎസ്ഐ) നിർദേശം നൽകിയെന്ന തരത്തിൽ വാർത്തകൾ പ്രചരിച്ചിരുന്നു. ∙ ചരിത്രപ്രസിദ്ധമായ കുത്തബ്മിനാറിൽ വീണ്ടും ഖനനം നടത്താൻ നിർദേശം നൽകിയെന്ന വാർത്തകൾ കേന്ദ്ര സാംസ്കാരിക മന്ത്രാലയം നിഷേധിച്ചു.,
10513,"[0] തിരുവനന്തപുരം ∙ വിഐപി സുരക്ഷയ്ക്കായി കേരള പൊലീസ് 1.10 കോടി ചെലവില്‍ രണ്ടു ബുള്ളറ്റ് പ്രൂഫ് കാറുകള്‍ വാങ്ങുന്നു
[1] ഹിന്ദുസ്ഥാന്‍ മോട്ടോഴ്സ് കോര്‍പറേഷന്‍ ലിമിറ്റഡില്‍നിന്ന് രണ്ടു മിറ്റ്സുബിഷി പജേറോ കാറുകള്‍ വാങ്ങാന്‍ ഒരു വര്‍ഷം മുന്‍പ് ഡിജിപി തീരുമാനമെടുത്തിരുന്നു
[2] ടെൻഡര്‍ വിളിക്കാതെ 30% തുക മുന്‍കൂറായി നല്‍കുകയും ചെയ്തു",ഹിന്ദുസ്ഥാൻ മോട്ടോഴ്സ് കോർപറേഷൻ ലിമിറ്റഡിൽനിന്ന് രണ്ടു മിറ്റ്സുബിഷി പജേറോ കാറുകൾ വാങ്ങാൻ ഒരു വർഷം മുൻപ് ഡിജിപി തീരുമാനമെടുത്തിരുന്നു. ∙ വിഐപി സുരക്ഷയ്ക്കായി കേരള പൊലീസ് 1.10 കോടി ചെലവിൽ രണ്ടു ബുള്ളറ്റ് പ്രൂഫ് കാറുകൾ വാങ്ങുന്നു.,
67269,"[0] ലണ്ടന്‍: ഏഷ്യയിലെ ഏറ്റവും സെക്‌സിയായ പുരുഷന്‍ ആരാണെന്നോ...? എന്തായാലും ഇത്തവണ അത് ഒരു ഇന്ത്യക്കാരനല്ല
[1] പാക് വംശജനായ ബ്രിട്ടീഷുകാരനാണ്
[2] പേര് സയിന്‍ മാലിക്
[3] ഗായകനാണ് കക്ഷി
[4] കഴിഞ്ഞ തവണ ഏഷ്യയിലെ ഏറ്റവും സെക്‌സിയായ പുരുഷന്‍ ഒരു ഇന്ത്യക്കാരന്‍ ആയിരുന്നു
[5] മറ്റാരുമല്ലത്, ബോളിവുഡ് താരം ഹൃത്വിക് റോഷന്‍
[6] ഇത്തവണയും ഹൃത്വിക് പട്ടികയില്‍ ഇടം നേടിയിട്ടുണ്ട്
[7] രണ്ടാം സ്ഥാനക്കാരനായി",കഴിഞ്ഞ തവണ ഏഷ്യയിലെ ഏറ്റവും സെക്സിയായ പുരുഷൻ ഒരു ഇന്ത്യക്കാരൻ ആയിരുന്നു. ഏഷ്യയിലെ ഏറ്റവും സെക്സിയായ പുരുഷൻ ആരാണെന്നോ...?,
10809,"[0] ഹൈദരാബാദ്∙ താൻ ഒരു രാഷ്ട്രീയ പാർട്ടിയിലും ചേരുന്നത് അറിഞ്ഞിട്ടില്ലെന്ന് നടി മഞ്ജു വാരിയർ
[1] അത്തരം ഉദ്ദേശ്യങ്ങളൊന്നും തനിക്കില്ല
[2] ഇതിനുവേണ്ടി തന്നെ ആരും സമീപിച്ചിട്ടില്ല
[3] താൻ ഷൂട്ടിങ്ങിന്റെ തിരക്കിലാണ്
[4] അതിന്റെ ഇടയിലാണ് ഇത്തരം വാർത്ത പ്രചരിക്കുന്നതായി അറിഞ്ഞത്
[5] കേട്ടതല്ലാതെ വാർത്ത കണ്ടിട്ടില്ലെന്നും മഞ്ജു പറഞ്ഞു",താൻ ഒരു രാഷ്ട്രീയ പാർട്ടിയിലും ചേരുന്നത് അറിഞ്ഞിട്ടില്ലെന്ന് നടി മഞ്ജു വാരിയർ. അതിന്റെ ഇടയിലാണ് ഇത്തരം വാർത്ത പ്രചരിക്കുന്നതായി അറിഞ്ഞത്.,
40803,"[0] പന്ത്രണ്ട് മണിക്കൂർ സമയത്തേക്കു മനുഷ്യശരീരം കിട്ടിയില്ലെങ്കിൽ റോഡുകളിലും വീടുകളുടെ ചുറ്റുമുള്ള കൊറോണ വൈറസ് നശിച്ചു പോകും
[1] ഇതാണു ബ്രേക്ക് ദ് സർക്കിൾ.’ ഇന്നലത്തെ ജനകീയ കർഫ്യൂവിനോട് അനുബന്ധിച്ച് സമൂഹ മാധ്യമങ്ങളിൽ വ്യാപകമായി പ്രചരിച്ച സന്ദേശങ്ങളിൽ ഒന്നാണിത്
[2] ഇതിന്റെ സത്യാവസ്ഥ എന്ത് ?",മണിക്കൂർ സമയത്തേക്കു മനുഷ്യശരീരം കിട്ടിയില്ലെങ്കിൽ റോഡുകളിലും വീടുകളുടെ ചുറ്റുമുള്ള കൊറോണ വൈറസ് നശിച്ചു പോകും. ഇന്നലത്തെ ജനകീയ കർഫ്യൂവിനോട് അനുബന്ധിച്ച് സമൂഹ മാധ്യമങ്ങളിൽ വ്യാപകമായി പ്രചരിച്ച സന്ദേശങ്ങളിൽ ഒന്നാണിത്.,
55546,"[0] ദില്ലി: രണ്ടുസംഭവങ്ങളിലായി രണ്ടുപെണ്‍കുട്ടികള്‍ മാനഭംഗത്തിനിരയായതായി റിപ്പോര്‍ട്ട്‌
[1] പതിനൊന്നും പത്തൊന്പതും വയസ്സുള്ള രണ്ടു പെണ്കുട്ടികളാണ് മാനഭംഗത്തിനിരകളായത്
[2] ന്യൂ അശോക നഗറിലാണ്‌ പതിനൊന്നുകാരിയ പെണ്‍കുട്ടി പീഡിപ്പിക്കപ്പെട്ടത്
[3] അമ്മാവനും മകനും ചേര്‍ന്നാണ്‌ പെണ്കുട്ടിയെ മാനഭംഗപ്പെടുത്തിയത്‌
[4] മാതാപിതാക്കളുടെ പരാതിയെത്തുടര്‍ന്ന്‌ രണ്ടുപേരെയും പൊലീസ്‌ അറസ്റ്റുചെയ്‌തിട്ടുണ്ട്‌",പതിനൊന്നും പത്തൊന്പതും വയസ്സുള്ള രണ്ടു പെണ്കുട്ടികളാണ് മാനഭംഗത്തിനിരകളായത്. ന്യൂ അശോക നഗറിലാണ് പതിനൊന്നുകാരിയ പെൺകുട്ടി പീഡിപ്പിക്കപ്പെട്ടത്.,
1390,"[0] തിരുവനന്തപുരം ∙ വാഹനാപകടങ്ങളിൽ പെടുന്നവരുടെ ജീവൻ രക്ഷിക്കാൻ സഹായിക്കുന്നവർക്കു 5000 രൂപ പാരിതോഷികം നൽകുന്ന കേന്ദ്രപദ്ധതി കേരളവും നടപ്പാക്കും
[1] കേന്ദ്ര റോഡ്– ഹൈവേ– ഗതാഗത മന്ത്രാലയം കഴിഞ്ഞ ഒക്ടോബറിൽ ആരംഭിച്ചതാണ് പദ്ധതി",∙ വാഹനാപകടങ്ങളിൽ പെടുന്നവരുടെ ജീവൻ രക്ഷിക്കാൻ സഹായിക്കുന്നവർക്കു 5000 രൂപ പാരിതോഷികം നൽകുന്ന കേന്ദ്രപദ്ധതി കേരളവും നടപ്പാക്കും. കേന്ദ്ര റോഡ്- ഹൈവേ- ഗതാഗത മന്ത്രാലയം കഴിഞ്ഞ ഒക്ടോബറിൽ ആരംഭിച്ചതാണ് പദ്ധതി.,
48071,"[0] ന്യൂയോര്‍ക്ക്: സിനിമാതാരങ്ങള്‍ വിദേശങ്ങളിലെത്തുന്നത് സാധാരണ രണ്ടു കാര്യങ്ങള്‍ക്കാണ്- സിനിമാഷൂട്ടിംഗിന്, അതുമല്ലെങ്കില്‍ ഏതെങ്കിലും കലാപരിപാടികള്‍ അവതരിപ്പിക്കാന്‍
[1] പക്ഷെ കേരളത്തിന്റെ സൂപ്പര്‍താരം മമ്മൂട്ടി ഇക്കുറി കുടുംബസമേതം അമേരിക്കയിലെത്തിയത് ഈ രണ്ടു കാര്യങ്ങള്‍ക്കുമല്ല
[2] അല്പം നൊമ്പരത്തോടെ, ഒരു സിനിമാഡയലോഗ് പോലെ തന്നെ മമ്മൂട്ടി അക്കാര്യം സദസ്സിനോട് പറഞ്ഞു: ഏഴുകടലിനുമപ്പുറത്ത് എന്റെ മകനെ തനിച്ച് വിടാനാണ് ഞാന്‍ വന്നത്
[3] എന്റെ മകള്‍ സുറുമിയും അധികം താമസിയാതെ ഇവിടെയെത്തും
[4] ഇത്രയും പറയുമ്പോള്‍ മമ്മൂട്ടിയുടെ ശബ്ദത്തില്‍ അല്പം കണ്ണീരും കലര്‍ന്നിരുന്നു","അല്പം നൊമ്പരത്തോടെ, ഒരു സിനിമാഡയലോഗ് പോലെ തന്നെ മമ്മൂട്ടി അക്കാര്യം സദസ്സിനോട് പറഞ്ഞുഃ ഏഴുകടലിനുമപ്പുറത്ത് എന്റെ മകനെ തനിച്ച് വിടാനാണ് ഞാൻ വന്നത്. സിനിമാതാരങ്ങൾ വിദേശങ്ങളിലെത്തുന്നത് സാധാരണ രണ്ടു കാര്യങ്ങൾക്കാണ്- സിനിമാഷൂട്ടിംഗിന്, അതുമല്ലെങ്കിൽ ഏതെങ്കിലും കലാപരിപാടികൾ അവതരിപ്പിക്കാൻ.",
25088,"[0] ന്യൂഡൽഹി ∙ ബംഗാളിൽ ബിജെപി സ്വപ്നങ്ങൾ പൂവിടില്ലെന്ന പ്രവചനവുമായി എബിപി ന്യൂസ് സി–വോട്ടർ സർവേ
[1] മമത ബാനർജിയുടെ തൃണമൂൽ കോൺഗ്രസ്തന്നെ അധികാരത്തിൽ വരുമെന്ന് സർവേ പ്രവചിക്കുന്നു
[2] 148 മുതൽ 164 സീറ്റ് വരെ നേടി മമത ഭരണം നിലനിർത്തുമെന്നാണ് റിപ്പോർട്ട്
[3] ബിജെപിക്ക് 92 മുതൽ 108 സീറ്റ് വരെ കിട്ടാം
[4] കോണ്‍ഗ്രസ്- ഇടത് സഖ്യത്തിന് 31 മുതല്‍ 39 സീറ്റുകള്‍ വരെ ലഭിച്ചേക്കാമെന്നും സർവേ പ്രവചിക്കുന്നു",∙ ബംഗാളിൽ ബിജെപി സ്വപ്നങ്ങൾ പൂവിടില്ലെന്ന പ്രവചനവുമായി എബിപി ന്യൂസ് സി-വോട്ടർ സർവേ. കോൺഗ്രസ്- ഇടത് സഖ്യത്തിന് 31 മുതൽ 39 സീറ്റുകൾ വരെ ലഭിച്ചേക്കാമെന്നും സർവേ പ്രവചിക്കുന്നു.,
23651,"[0] ചെന്നൈ∙ ഒരാഴ്ചയ്ക്കുള്ളില്‍ ദൈനംദിന കോവിഡ് ബാധിതരുടെ എണ്ണത്തിൽ വന്‍കുതിച്ചുചാട്ടമുണ്ടായ തമിഴ്നാട്ടില്‍ നിയന്ത്രണങ്ങള്‍ കര്‍ശനമാക്കി
[1] ഞായറാഴ്ചകളിലെ സമ്പൂര്‍ണ അടച്ചിടല്‍ തുടങ്ങി
[2] അടിയന്തര സര്‍ക്കാര്‍ സര്‍വീസുകള്‍, പാല്‍, പത്രം, പെട്രോള്‍ പമ്പുകള്‍, എടിഎമ്മുകള്‍ തുടങ്ങിയ അവശ്യസര്‍വീസുകള്‍ക്കും ചരക്കുവാഹനങ്ങള്‍ക്കും നിയന്ത്രണമില്ല
[3] ഭക്ഷണശാലകള്‍ക്കു രാവിലെ ഏഴുമുതല്‍ രാത്രി പത്തുവരെ പാര്‍സൽ സര്‍വീസിനായി തുറക്കാം","ഒരാഴ്ചയ്ക്കുള്ളിൽ ദൈനംദിന കോവിഡ് ബാധിതരുടെ എണ്ണത്തിൽ വൻകുതിച്ചുചാട്ടമുണ്ടായ തമിഴ്നാട്ടിൽ നിയന്ത്രണങ്ങൾ കർശനമാക്കി. അടിയന്തര സർക്കാർ സർവീസുകൾ, പാൽ, പത്രം, പെട്രോൾ പമ്പുകൾ, എടിഎമ്മുകൾ തുടങ്ങിയ അവശ്യസർവീസുകൾക്കും ചരക്കുവാഹനങ്ങൾക്കും നിയന്ത്രണമില്ല.",
38496,"[0] ആരാധകരോട് ഇടപെടുന്ന രീതിയില്‍ അങ്ങേയറ്റം വിനയം കാത്തുസൂക്ഷിക്കുന്ന താരമാണ് തല അജിത്
[1] കഴിഞ്ഞ ദിവസം ചിത്രീകരണത്തിനായി സ്‌കൂളില്‍ എത്തിയ അജിത്തിന്റെ വിഡിയോ എടുക്കാന്‍ ശ്രമിച്ച ആരാധകന് അദ്ദേഹം നല്‍കിയ മറുപടിയാണ് സോഷ്യല്‍ മീഡിയയില്‍ ചർച്ചയാകുന്നത്",കഴിഞ്ഞ ദിവസം ചിത്രീകരണത്തിനായി സ്കൂളിൽ എത്തിയ അജിത്തിന്റെ വിഡിയോ എടുക്കാൻ ശ്രമിച്ച ആരാധകന് അദ്ദേഹം നൽകിയ മറുപടിയാണ് സോഷ്യൽ മീഡിയയിൽ ചർച്ചയാകുന്നത്. ഇടപെടുന്ന രീതിയിൽ അങ്ങേയറ്റം വിനയം കാത്തുസൂക്ഷിക്കുന്ന താരമാണ് തല അജിത്.,
52562,"[0] തിരുവനന്തപുരം: പാര്‍ട്ടി നേതൃത്വത്തിനെതിരെ പരസ്യവിമര്‍ശനം ഉയര്‍ത്തിയതിനെ തുടര്‍ന്ന് മുസ്ലിം ലീഗില്‍ നിന്നും പുറത്താക്കപ്പെട്ട കെ.ടി
[1] ജലീല്‍ നാഷണല്‍ കോണ്‍ഗ്രസ് ഇന്ദിരയില്‍ ചേര്‍ന്നേക്കുമെന്ന് സൂചന
[2] ജലീലുമായി ഇതു സംബന്ധിച്ച് ചര്‍ച്ചകള്‍ നടത്താന്‍ എന്‍സിഐ നേതൃത്വം തീരുമാനിച്ചിട്ടുണ്ട്
[3] എന്‍സിഐയുടെ പോഷക സംഘടനാ യോഗത്തില്‍ പങ്കെടുക്കാന്‍ കെ.കരുണാകരന്‍ ഈ മാസം അവസാനം കോഴിക്കോട്ടെത്തും
[4] അന്ന് ജലീലുമായി കരുണാകരന്‍ ചര്‍ച്ച നടത്തുമെന്ന് അറിയുന്നു
[5] എന്‍സിഐ അധ്യക്ഷന്‍ കെ.മുരളീധരനുമായും ജലീല്‍ സംസാരിച്ചതായി സൂചനയുണ്ട്",പാർട്ടി നേതൃത്വത്തിനെതിരെ പരസ്യവിമർശനം ഉയർത്തിയതിനെ തുടർന്ന് മുസ്ലിം ലീഗിൽ നിന്നും പുറത്താക്കപ്പെട്ട കെ.ടി. എൻസിഐയുടെ പോഷക സംഘടനാ യോഗത്തിൽ പങ്കെടുക്കാൻ കെ.കരുണാകരൻ ഈ മാസം അവസാനം കോഴിക്കോട്ടെത്തും.,
34412,"[0] ശ്രീലങ്കയിലെ ചാവേർ ബോംബ് സ്‌ഫോടനങ്ങളുടെ സൂത്രധാരൻ സഹ്രാൻ ഹാഷിമിന്റെ പിതാവും സഹോദരങ്ങളും കൊല്ലപ്പെട്ടതായി സ്ഥിരീകരണം
[1] വെള്ളിയാഴ്‌ച കൽമുനയിൽ സുരക്ഷാ സേനയുമായുണ്ടായ ഏറ്റുമുട്ടലിലാണ് സെയ്‌നി ഹാഷിം, റിൽവാൻ ഹാഷിം, ഇവരുടെ പിതാവ് മുഹമ്മദ് ഹാഷിം എന്നിവർ മരിച്ചത്
[2] 6 കുട്ടികളുൾപ്പെടെ 16 പേരാണ് മരിച്ചത്","വെള്ളിയാഴ്ച കൽമുനയിൽ സുരക്ഷാ സേനയുമായുണ്ടായ ഏറ്റുമുട്ടലിലാണ് സെയ്നി ഹാഷിം, റിൽവാൻ ഹാഷിം, ഇവരുടെ പിതാവ് മുഹമ്മദ് ഹാഷിം എന്നിവർ മരിച്ചത്. ചാവേർ ബോംബ് സ്ഫോടനങ്ങളുടെ സൂത്രധാരൻ സഹ്രാൻ ഹാഷിമിന്റെ പിതാവും സഹോദരങ്ങളും കൊല്ലപ്പെട്ടതായി സ്ഥിരീകരണം.",
37583,"[0] ജീവനോടെ ചുട്ടുകരിക്കാൻ നോക്കിയാൽ പോലും പുട്ടു പോലെ രക്ഷപ്പെടുന്ന ക്യാപ്റ്റൻ സ്പാരോയ്ക്കാണോ സ്വന്തം ഭാര്യയെ പേടി? യഥാർഥ ജീവിതത്തിൽ അങ്ങനെയൊക്കെ സംഭവിക്കുമെന്നാണ് ചില കോടതി നടപടികൾ ഇപ്പോൾ പ്രേക്ഷകർക്കു കാണിച്ചു തരുന്നത്
[1] ഭാര്യ വലിച്ചെറിഞ്ഞ വോഡ്കയുടെ കുപ്പി കൊണ്ട് കയ്യിലെ എല്ലു പൊട്ടിയെന്നും വിരലിലെ ചോര കൊണ്ട്, ഭാര്യ ചെയ്യുന്ന ഉപദ്രവങ്ങൾ ചുവരിൽ എഴുതിയിട്ടുണ്ടെന്നും പറഞ്ഞത് ‘പൈറേറ്റ്സ് ഓഫ് ദ് കരീബിയൻ’ താരം ജോണി ഡെപ്പാണ്","ഭാര്യ വലിച്ചെറിഞ്ഞ വോഡ്കയുടെ കുപ്പി കൊണ്ട് കയ്യിലെ എല്ലു പൊട്ടിയെന്നും വിരലിലെ ചോര കൊണ്ട്, ഭാര്യ ചെയ്യുന്ന ഉപദ്രവങ്ങൾ ചുവരിൽ എഴുതിയിട്ടുണ്ടെന്നും പറഞ്ഞത് 'പൈറേറ്റ്സ് ഓഫ് ദ് കരീബിയൻ' താരം ജോണി ഡെപ്പാണ്. ചുട്ടുകരിക്കാൻ നോക്കിയാൽ പോലും പുട്ടു പോലെ രക്ഷപ്പെടുന്ന ക്യാപ്റ്റൻ സ്പാരോയ്ക്കാണോ സ്വന്തം ഭാര്യയെ പേടി?",
35293,"[0] ബെയ്ജിങ്∙ കൊറോണ വൈറസിനെക്കുറിച്ച് ആദ്യ സൂചനകൾ നൽകിയ ഡോ
[1] ലീ വെൻലിയാങ് വൈറസ് ബാധിച്ചു മരിച്ചതിനെക്കുറിച്ച് അന്വേഷിക്കാൻ ചൈനീസ് സർക്കാരിന്റെ പ്രത്യേക സംഘം വുഹാനിലെത്തി
[2] രോഗം സർക്കാർ സ്ഥിരീകരിക്കും മുൻപേ മുന്നറിയിപ്പു നൽകിയ സംഭവത്തിൽ പൊലീസ് ഡോക്ടറെ വേട്ടയാടിയിരുന്നു
[3] ഡോക്ടർ മരിച്ചതോടെ വ്യാപക പ്രതിഷേധമുയർന്ന സാഹചര്യത്തിലാണു സർക്കാർ അന്വേഷണം",ലീ വെൻലിയാങ് വൈറസ് ബാധിച്ചു മരിച്ചതിനെക്കുറിച്ച് അന്വേഷിക്കാൻ ചൈനീസ് സർക്കാരിന്റെ പ്രത്യേക സംഘം വുഹാനിലെത്തി. രോഗം സർക്കാർ സ്ഥിരീകരിക്കും മുൻപേ മുന്നറിയിപ്പു നൽകിയ സംഭവത്തിൽ പൊലീസ് ഡോക്ടറെ വേട്ടയാടിയിരുന്നു.,
35538,"[0] വാഷിങ്ടൻ ∙ യുഎസിലേതിനെക്കാൾ കോവിഡ് മരണം ചൈനയിലാണെന്നു ഡോണൾഡ് ട്രംപ്
[1] കോവിഡ് ബാധിച്ച് 4,632 പേർ മാത്രമേ മരിച്ചുള്ളൂവെന്നു ചൈന പറഞ്ഞത് വിശ്വസിക്കാൻ പ്രയാസമുണ്ടെന്നും യുഎസ് പ്രസിഡന്റ് പറഞ്ഞു
[2] ‘ഞങ്ങളല്ല നമ്പർ വൺ, ചൈനയാണ്’– പ്രസിഡന്റ് ആരോപിച്ചു","കോവിഡ് ബാധിച്ച് 4,632 പേർ മാത്രമേ മരിച്ചുള്ളൂവെന്നു ചൈന പറഞ്ഞത് വിശ്വസിക്കാൻ പ്രയാസമുണ്ടെന്നും യുഎസ് പ്രസിഡന്റ് പറഞ്ഞു. 'ഞങ്ങളല്ല നമ്പർ വൺ, ചൈനയാണ്'- പ്രസിഡന്റ് ആരോപിച്ചു.",
80904,"[0] കൊച്ചി: സ്വര്‍ണക്കടത്ത് കേസില്‍ ബിനീഷ് കോടിയേരിക്ക് കുരുക്ക് മുറുകുന്നു
[1] ബിനീഷിനെ ചോദ്യം ചെയ്യാന്‍ വിളിപ്പിച്ചിരിക്കുകയാണ് എന്‍ഫോഴ്‌സ്‌മെന്റ് വിഭാഗം
[2] സിപിഎം നേതൃത്വത്തിന് ഇത് വലിയ തിരിച്ചടിയാണ്
[3] നാളെ ചോദ്യം ചെയ്യലിനായി എത്തണമെന്നാണ് ആവശ്യം
[4] കൊച്ചിയിലെ എന്‍ഫോഴ്‌സ്‌മെന്റ് ഓഫീസില്‍ വെച്ചാണ് ചോദ്യം ചെയ്യല്‍
[5] തിരുവനന്തപുരം വിമാനത്താവളം കേന്ദ്രീകരിച്ചുള്ള സ്വര്‍ണക്കടത്തിന് പിന്നിലെ ഹവാല, ബിനാമി ഇടപാടുകളുമായി ബന്ധപ്പെട്ടാണ് ചോദ്യം ചെയ്യല്‍ എന്ന് സൂചനയുണ്ട്
[6] കള്ളക്കടത്ത് സംഘം ഫണ്ടിനായി ബെംഗളൂരുവിലെ മയക്കുമരുന്ന് റാക്കറ്റിനെ സമീപിച്ചിരുന്നു
[7] നിലവില്‍ നാര്‍ക്കോട്ടിക് സെല്ലിന്റെ പിടിയിലുള്ള അനൂപ് മുഹമ്മദ് അടക്കമുള്ളവരുടെ സഹായമാണ് കള്ളക്കടത്ത് സംഘം തേടിയത്
[8] കേസിലെ മുഖ്യ ആസൂത്രകനെന്ന് കണ്ടെത്തിയ റമീസാണ് അനൂപുമായി ബന്ധപ്പെട്ടത്
[9] ഈ അനൂപും ബിനീഷ് കോടിയേരിയും തമ്മില്‍ ബന്ധമുണ്ടന്ന് വ്യക്തമാണ്
[10] ബിനീഷ് തന്നെ ഇക്കാര്യം സമ്മതിച്ചിരുന്നു
[11] ഈ സാഹചര്യത്തിലാണ് ചോദ്യം ചെയ്യുന്നത്","തിരുവനന്തപുരം വിമാനത്താവളം കേന്ദ്രീകരിച്ചുള്ള സ്വർണക്കടത്തിന് പിന്നിലെ ഹവാല, ബിനാമി ഇടപാടുകളുമായി ബന്ധപ്പെട്ടാണ് ചോദ്യം ചെയ്യൽ എന്ന് സൂചനയുണ്ട്. നിലവിൽ നാർക്കോട്ടിക് സെല്ലിന്റെ പിടിയിലുള്ള അനൂപ് മുഹമ്മദ് അടക്കമുള്ളവരുടെ സഹായമാണ് കള്ളക്കടത്ത് സംഘം തേടിയത്.",
87168,"[0] തൃശൂര്‍: 2019 ഡിസംബര്‍ അവസാനം നടന്ന തദ്ദേശ തിരഞ്ഞെടുപ്പില്‍ യുഡിഎഫിന് പ്രതീക്ഷയ്ക്ക് ഒത്ത മുന്നേറ്റം കാഴ്ചവെയ്ക്കാന്‍ കഴിയാതെ പോയ ജില്ലകളില്‍ ഒന്നായിരുന്നു തൃശൂര്‍
[1] ഭൂരിപക്ഷം പഞ്ചായത്തുകളും ബ്ലോക്ക് പഞ്ചായത്തുകളും ജില്ലാ പഞ്ചായത്തും പാര്‍ട്ടിക്ക് നഷ്ടമായി
[2] ഏറ്റവും വലിയ തിരിച്ചടി നേരിട്ടത് കോര്‍പ്പറേഷനിലായിരുന്നു
[3] ഏത് സാഹചര്യത്തിലും മുന്നണി അധികാരം പിടിക്കുമെന്നായിരുന്നു തിരഞ്ഞെടുപ്പിന് മുന്‍പ് കോണ്‍ഗ്രസ് പ്രതീക്ഷിച്ചിരുന്നത്
[4] എന്നാല്‍ കപ്പിനും ചുണ്ടിനും പാര്‍ട്ടിക്ക് അധികാരം നഷ്ടമായി
[5] ഈ തിരിച്ചടിക്ക് മാസങ്ങള്‍ക്ക് ശേഷം കോണ്‍ഗ്രസ് പരിഹാരം കാണാന്‍ പോവുന്നു എന്ന തരത്തിലുള്ള റിപ്പോര്‍ട്ടുകളാണ് ഇപ്പോള്‍ പുറത്ത് വരുന്നത്",2019 ഡിസംബർ അവസാനം നടന്ന തദ്ദേശ തിരഞ്ഞെടുപ്പിൽ യുഡിഎഫിന് പ്രതീക്ഷയ്ക്ക് ഒത്ത മുന്നേറ്റം കാഴ്ചവെയ്ക്കാൻ കഴിയാതെ പോയ ജില്ലകളിൽ ഒന്നായിരുന്നു തൃശൂർ. ഈ തിരിച്ചടിക്ക് മാസങ്ങൾക്ക് ശേഷം കോൺഗ്രസ് പരിഹാരം കാണാൻ പോവുന്നു എന്ന തരത്തിലുള്ള റിപ്പോർട്ടുകളാണ് ഇപ്പോൾ പുറത്ത് വരുന്നത്.,
79363,"[0] കോഴിക്കോട്: ദുബായില്‍ മരിച്ച പ്രവാസി നിധിനിന്റെ മരണം കേരളത്തെയാകെ ദുഃഖത്തിലാഴ്ത്തിയിരുന്നു
[1] കൊറോണവൈറസ് പ്രതിസന്ധിക്കിടെ ഗള്‍ഫില്‍ കുടുങ്ങിയ ഗര്‍ഭിണികളെ നാട്ടിലെത്തിക്കാന്‍ നടത്തിയ നിയമപോരാട്ടത്തിലൂടെയാണ് ആതിരയും നിധിനും നമുക്കിയടയിലേക്കെത്തുന്നത്
[2] ഇതിന്റെ ഫലമായി ആദ്യവിമാനത്തില്‍ തന്നെ ആതിര നാട്ടിലെത്തിയിരുന്നു
[3] എന്നാല്‍ കഴിഞ്ഞ ദിവസമായിരുന്നു നിധിന്റെ അപ്രതീക്ഷിത വിയോഗവാര്‍ത്തയെത്തുന്നത്
[4] ഇത് ആതിരയെ അറിയിക്കുകയെന്നത് വലിയൊരു ചുമതലയായിരുന്നു
[5] ആതിരെയെ ചികിത്സിച്ച ഡോ: ഗീതയായിരുന്നു ഇകാര്യം ആതിരടെ അറിയിച്ചത്
[6] പ്രസവത്തിനായി തിങ്കളാഴ്ച്ചയായിരുന്നു ആതിരയെ ആശുപത്രിയില്‍ പ്രവേശിപ്പിക്കുന്നത്
[7] നിധിനിന് എന്തോ ആരോഗ്യപ്രശ്‌നം ഉണ്ടെന്ന് ചൂണ്ടികാട്ടിയതിനെ തുടര്‍ന്നായിരുന്നു ആതിരയെ ആശുപത്രിയില്‍ പ്രവേശിപ്പിച്ചത്
[8] എന്നാല്‍ പ്രസവ ശേഷം ആതിരയെ നിധിനിന്റെ വിയോഗ വാര്‍ത്ത അറിയിക്കുകയെന്നത് സങ്കീര്‍ണമായ പ്രസവ ശസ്ത്രക്രിയയേക്കാള്‍ അതിസങ്കീര്‍ണമായ ജോലിയായിരുന്നുവെന്ന് ഡോക്ടര്‍ പറയുന്നു",എന്നാൽ പ്രസവ ശേഷം ആതിരയെ നിധിനിന്റെ വിയോഗ വാർത്ത അറിയിക്കുകയെന്നത് സങ്കീർണമായ പ്രസവ ശസ്ത്രക്രിയയേക്കാൾ അതിസങ്കീർണമായ ജോലിയായിരുന്നുവെന്ന് ഡോക്ടർ പറയുന്നു. കൊറോണവൈറസ് പ്രതിസന്ധിക്കിടെ ഗൾഫിൽ കുടുങ്ങിയ ഗർഭിണികളെ നാട്ടിലെത്തിക്കാൻ നടത്തിയ നിയമപോരാട്ടത്തിലൂടെയാണ് ആതിരയും നിധിനും നമുക്കിയടയിലേക്കെത്തുന്നത്.,
83221,"[0] കൊച്ചി; മുത്തൂറ്റ്‌ ജീവനക്കാര്‍ ജീവനക്കാര്‍ വീണ്ടും സമരത്തിലേക്ക്‌
[1] 164 ജീവനക്കാരെ പിരിച്ചു വിട്ടിട്ട്‌ ഒരു വര്‍ഷം കഴിഞ്ഞെങ്കിലും ആവശ്യങ്ങള്‍ മാനേജ്‌മെന്റ്‌ നടപ്പാക്കാത്തതില്‍ പ്രതിഷേധിച്ചാണ്‌ ജീവനക്കാര്‍ സമരം ആരംഭിക്കുന്നത്‌
[2] നേരത്തെ സമരം നടത്തിയിരുന്നെങ്കിലും കൊവിഡ്‌ വ്യാപനത്തെ തുടര്‍ന്ന്‌ അവസാനിപ്പിക്കുകയായിരുന്നു
[3] ഒരു വര്‍ഷത്തിനിടയില്‍ മാനേജ്‌മെന്റുമായി 20 വട്ടം ചര്‍ച്ചകള്‍ നടന്നെങ്കിലും നിഷേധാത്മക നിലപാടാണ്‌ മാനേജ്‌മെന്റ്‌ സ്വീകരിക്കുന്നതെന്ന്‌ തൊഴിലാളി യൂണിയന്‍ ആരോപിക്കുന്നു
[4] തിങ്കളാഴ്‌ച്ച മുതല്‍ ഹെഡ്‌ ഓഫിസിന്‌ മുന്നില്‍ സത്യഗ്രഹ സമരം സംഘടിപ്പിക്കും
[5] അനിശ്ചതകാല പണിമുടക്കിലേക്ക്‌ പോകേണ്ട സാഹചര്യമാണ്‌ നിലവിലുള്ളതെന്നും തൊഴിലാളി യൂണിയന്‍ വ്യക്തമാക്കി",ഒരു വർഷത്തിനിടയിൽ മാനേജ്മെന്റുമായി 20 വട്ടം ചർച്ചകൾ നടന്നെങ്കിലും നിഷേധാത്മക നിലപാടാണ് മാനേജ്മെന്റ് സ്വീകരിക്കുന്നതെന്ന് തൊഴിലാളി യൂണിയൻ ആരോപിക്കുന്നു. 164 ജീവനക്കാരെ പിരിച്ചു വിട്ടിട്ട് ഒരു വർഷം കഴിഞ്ഞെങ്കിലും ആവശ്യങ്ങൾ മാനേജ്മെന്റ് നടപ്പാക്കാത്തതിൽ പ്രതിഷേധിച്ചാണ് ജീവനക്കാർ സമരം ആരംഭിക്കുന്നത്.,
23672,"[0] കൊച്ചി∙ കിഴക്കമ്പലത്തെ കിറ്റെക്സ് കമ്പനി തൊഴില്‍ നിയമങ്ങള്‍ ലംഘിച്ചിട്ടുണ്ടെന്ന് തൊഴില്‍മന്ത്രി വി.ശിവന്‍ കുട്ടി
[1] അന്വേഷണത്തില്‍ ഇക്കാര്യം കണ്ടെത്തുകയും നോട്ടിസ് നല്‍കുകയും ചെയ്തു
[2] അനാവശ്യ റെയ്ഡുകള്‍ നടത്തി സര്‍ക്കാര്‍ ബുദ്ധിമുട്ടിക്കുകയാണെന്ന് സാബു.എം.ജേക്കബിന് പരാതിയുണ്ടെങ്കില്‍ കോടതിയെ സമീപിക്കാത്തതെന്തെന്നും അദ്ദേഹം ചോദിച്ചു",അനാവശ്യ റെയ്ഡുകൾ നടത്തി സർക്കാർ ബുദ്ധിമുട്ടിക്കുകയാണെന്ന് സാബു.എം.ജേക്കബിന് പരാതിയുണ്ടെങ്കിൽ കോടതിയെ സമീപിക്കാത്തതെന്തെന്നും അദ്ദേഹം ചോദിച്ചു. കിഴക്കമ്പലത്തെ കിറ്റെക്സ് കമ്പനി തൊഴിൽ നിയമങ്ങൾ ലംഘിച്ചിട്ടുണ്ടെന്ന് തൊഴിൽമന്ത്രി വി.ശിവൻ കുട്ടി.,
44660,"[0] പിറക്കാൻ പോകുന്ന കുഞ്ഞിന്റെ ഹൃദയത്തിന് തകരാറുണ്ടെന്നറിഞ്ഞാൽ അച്ഛനമ്മമാരു‌ടെ നെ‍ഞ്ചിടിപ്പ് വല്ലാതെ ഉയരും
[1] ഗർഭിണിയുടെ ഭയവും ആശങ്കയും ഗർഭസ്ഥ ശിശുവിന്റെ മാനസികാരോഗ്യത്തെയും ബാധിച്ചേക്കാം
[2] എന്നാൽ ഗർഭസ്ഥ ശിശുവിന്റെയും നവജാതശിശുവിന്റെയും ഹൃദയത്തിലെ പ്രശ്നങ്ങളെ ഭയക്കുകയല്ല, എത്രയും വേഗം മികച്ച ചികിൽസ ഉറപ്പാക്കുകയാണ് വേണ്ടതെന്ന് ഓർമപ്പെടുത്തുകയാണ് തിരുവനന്തപുരം ശ്രീചിത്ര തിരുനാൾ ഇൻസ്റ്റിറ്റ്യൂട്ട് ഓഫ് മെഡിക്കൽ സയൻസ് ആൻഡ് ടെക്നോളജിയിലെ പീഡിയാട്രിക് കാർഡിയോളജിസ്റ്റ് ഡോ
[3] ദീപ എസ്
[4] കുമാർ","എന്നാൽ ഗർഭസ്ഥ ശിശുവിന്റെയും നവജാതശിശുവിന്റെയും ഹൃദയത്തിലെ പ്രശ്നങ്ങളെ ഭയക്കുകയല്ല, എത്രയും വേഗം മികച്ച ചികിൽസ ഉറപ്പാക്കുകയാണ് വേണ്ടതെന്ന് ഓർമപ്പെടുത്തുകയാണ് തിരുവനന്തപുരം ശ്രീചിത്ര തിരുനാൾ ഇൻസ്റ്റിറ്റ്യൂട്ട് ഓഫ് മെഡിക്കൽ സയൻസ് ആൻഡ് ടെക്നോളജിയിലെ പീഡിയാട്രിക് കാർഡിയോളജിസ്റ്റ് ഡോ. പോകുന്ന കുഞ്ഞിന്റെ ഹൃദയത്തിന് തകരാറുണ്ടെന്നറിഞ്ഞാൽ അച്ഛനമ്മമാരുടെ നെഞ്ചിടിപ്പ് വല്ലാതെ ഉയരും.",
40715,"[0] കുറച്ചു വർഷങ്ങൾക്കു മുൻപ് കർണാടകയിലെ ഷിമോഗയിൽ കുരങ്ങുകളുടെ കൂട്ടമരണത്തിനിടയാക്കിയ രോഗത്തെ നാം കുരങ്ങു പനിയെന്നു വിളിച്ചു
[1] പിന്നീട് ആ രോഗം കുരങ്ങുകളിൽ നിന്ന് മനുഷ്യരിലേക്ക് പകരുന്നതാണെന്ന് കണ്ടെത്തുകയും ചെയ്തു
[2] മൃഗങ്ങളിൽ നിന്നു മനുഷ്യരിലേക്ക് പകരുന്ന ജന്തുജന്യ രോഗങ്ങളിലൊന്നാണ് (zoonotic disease) കുരങ്ങുപനി അഥവാ ക്യാസനോർ ഫോറസ്റ്റ് രോഗം
[3] ഫ്ളാവി ഇനത്തിൽ പെട്ട ഒരു വൈറസാണ് രോഗകാരണം
[4] വന്യജീവികളിൽ പ്രത്യേകിച്ച് കുരങ്ങുകളുടെ ദേഹത്തു കാണപ്പെടുന്ന പട്ടുണ്ണികളാണ് (ticks) രോഗം പരത്തുന്നതിൽ പ്രധാന പങ്കുവഹിക്കുന്നത്
[5] വൈറസ് ബാധിച്ച കുരങ്ങുകളുടെ ശരീരത്തിൽ നിന്നു രക്തം കുടിക്കുന്ന പട്ടുണ്ണികൾ മനുഷ്യരെ കടിക്കുന്നതു വഴി രോഗം മനുഷ്യരിലെത്തുന്നു
[6] പക്ഷികൾ, അണ്ണാൻ, കാട്ടുമുയൽ തുടങ്ങിയ വന്യജീവികളും ഒരു പരിധി വരെ വൈറസിന്റെ നിലനിൽപ്പിനെയും വ്യാപനത്തെയും സഹായിക്കും
[7] മനുഷ്യരിൽ നിന്ന് മനുഷ്യരിലേക്ക് രോഗം പടരില്ല
[8] പക്ഷേ കന്നുകാലികളെ രോഗം ബാധിക്കാം",മൃഗങ്ങളിൽ നിന്നു മനുഷ്യരിലേക്ക് പകരുന്ന ജന്തുജന്യ രോഗങ്ങളിലൊന്നാണ് (zoonotic disease) കുരങ്ങുപനി അഥവാ ക്യാസനോർ ഫോറസ്റ്റ് രോഗം. വൈറസ് ബാധിച്ച കുരങ്ങുകളുടെ ശരീരത്തിൽ നിന്നു രക്തം കുടിക്കുന്ന പട്ടുണ്ണികൾ മനുഷ്യരെ കടിക്കുന്നതു വഴി രോഗം മനുഷ്യരിലെത്തുന്നു.,
55431,"[0] സോള്‍: ദക്ഷിണ കൊറിയയിലെ ഏറ്റവും വലിയ ഇലക്ട്രോണികസ്‌ കമ്പനിയായ സാംസങ്ങ്‌ ഗ്രൂപ്പിന്റെ ചെയര്‍മാന്‍ ലീ കുന്‍ ഹീ രാജിവെച്ചു
[1] ദക്ഷിണ കൊറിയയില്‍ നടന്നതില്‍ ഏറ്റവും വലുതെന്ന്‌ കരുതപ്പെടുന്ന നികുതി വെട്ടിപ്പിലും വിശ്വാസ വഞ്ചനയിലും ലീയ്‌ക്ക്‌ പങ്കുണ്ടെന്ന്‌ കഴിഞ്ഞയാഴ്‌ച കണ്ടെത്തിയിരുന്നു
[2] ദേശീയ ടെലിവിഷനിലൂടെ നടത്തിയ ചെറിയ പ്രസ്‌താവനയിലാണ്‌ ലീ രാജിക്കാര്യം വ്യക്തമാക്കിയത്‌",ദക്ഷിണ കൊറിയയിൽ നടന്നതിൽ ഏറ്റവും വലുതെന്ന് കരുതപ്പെടുന്ന നികുതി വെട്ടിപ്പിലും വിശ്വാസ വഞ്ചനയിലും ലീയ്ക്ക് പങ്കുണ്ടെന്ന് കഴിഞ്ഞയാഴ്ച കണ്ടെത്തിയിരുന്നു. ദക്ഷിണ കൊറിയയിലെ ഏറ്റവും വലിയ ഇലക്ട്രോണികസ് കമ്പനിയായ സാംസങ്ങ് ഗ്രൂപ്പിന്റെ ചെയർമാൻ ലീ കുൻ ഹീ രാജിവെച്ചു.,
37074,"[0] സമൂഹമാധ്യമങ്ങളിലെ ഫോട്ടോഷൂട്ട് ചിത്രങ്ങൾ കൊണ്ട് മാത്രമല്ല, ആ ചിത്രങ്ങൾക്കു നൽകുന്ന അടിക്കുറിപ്പിന്റെ പേരിലും പ്രേക്ഷകരുടെ ഇടയിൽ ശ്രദ്ധ നേടുന്ന താരമാണ് അമേയ മാത്യു
[1] തന്റെ ഏറ്റവും പുതിയ ചിത്രത്തിന് നടി നൽകിയ അടിക്കുറിപ്പാണ് ആരാധകരുടെ ഇടയിൽ പുതിയ ചർച്ച","ഫോട്ടോഷൂട്ട് ചിത്രങ്ങൾ കൊണ്ട് മാത്രമല്ല, ആ ചിത്രങ്ങൾക്കു നൽകുന്ന അടിക്കുറിപ്പിന്റെ പേരിലും പ്രേക്ഷകരുടെ ഇടയിൽ ശ്രദ്ധ നേടുന്ന താരമാണ് അമേയ മാത്യു. തന്റെ ഏറ്റവും പുതിയ ചിത്രത്തിന് നടി നൽകിയ അടിക്കുറിപ്പാണ് ആരാധകരുടെ ഇടയിൽ പുതിയ ചർച്ച.",
