Article_ID,Numbered_Source_Text,Original_Abstractive_Summary,Godly_Labels,Bastin_Labels,Adithya_Labels
82640,"[0] കോഴിക്കോട്: കോണ്‍ഗ്രസ് വിമത സ്ഥാനാര്‍ത്ഥിക്കെതിരെ നോട്ടീസ് ഇറക്കി വെട്ടിലായി കോഴിക്കോട് കോര്‍പ്പറേഷനിലെ വെള്ളിമായി കുന്ന് ഡിവിഷനിലെ യുഡിഎഫ് സ്ഥാനാര്‍ത്ഥി
[1] വ്യക്തിഹത്യ നടത്തുന്നുവെന്ന പരാതിയുമായിട്ടാണ് വിമത സ്ഥാനാര്‍ത്ഥി തിരഞ്ഞെടുപ്പ് കമ്മീഷന് പരാതി നല്‍കിയിരിക്കുന്നത്
[2] കോണ്‍ഗ്രസ് പുറത്താക്കിയ ടികെ ചന്ദ്രന്റെ ദീന രോദനം എന്ന പേരില്‍ നോട്ടീസ് അടിച്ചിറക്കിയതാണ് പരാതി
[3] ഇത് വലിയ രീതിയില്‍ വിവാദമായിരുന്നു
[4] മണ്ഡലത്തിലെ പലരും ഈ നോട്ടീസിനെ വിമര്‍ശിക്കുകയും ചെയ്തിരുന്നു
[5] ഈ സാഹചര്യത്തിലാണ് പരാതി കൂടി നല്‍കിയിരിക്കുന്നത്
[6] കോണ്‍ഗ്രസ് നേതാവ് നോട്ടീസ് അച്ചടിച്ച് വ്യാപകമായി വിതരണം ചെയ്തിരുന്നു
[7] കോണ്‍ഗ്രസിന്റെ തന്നെ തിരഞ്ഞെടുപ്പ് കമ്മിറ്റിയാണ് ഇതിന് പിന്നില്‍ പ്രവര്‍ത്തിച്ചത്
[8] സീറ്റ് കിട്ടാത്തത് കൊണ്ട് എല്‍ഡിഎഫുമായി കരാറുണ്ടാക്കി മത്സരത്തിന് ഇറങ്ങി എന്നാണ് ഇയാള്‍ക്കെതിരെ നോട്ടീസില്‍ ആരോപിക്കുന്നത്",കോൺഗ്രസ് വിമത സ്ഥാനാർത്ഥിക്കെതിരെ നോട്ടീസ് ഇറക്കി വെട്ടിലായി കോഴിക്കോട് കോർപ്പറേഷനിലെ വെള്ളിമായി കുന്ന് ഡിവിഷനിലെ യുഡിഎഫ് സ്ഥാനാർത്ഥി. സീറ്റ് കിട്ടാത്തത് കൊണ്ട് എൽഡിഎഫുമായി കരാറുണ്ടാക്കി മത്സരത്തിന് ഇറങ്ങി എന്നാണ് ഇയാൾക്കെതിരെ നോട്ടീസിൽ ആരോപിക്കുന്നത്.,,,
84066,"[0] തൃശൂര്‍: നിയമസഭാ തിരഞ്ഞെടുപ്പിലെ സ്ഥാനാര്‍ഥി നിര്‍ണയം കോണ്‍ഗ്രസിനെ കൂടുതല്‍ പ്രതിസന്ധിയിലാക്കുന്നു
[1] ഭരണം പിടിക്കാനുള്ള നീക്കങ്ങള്‍ പാളുമോ എന്ന് നേതൃത്വത്തിന് ആശങ്ക
[2] മൂന്ന് ജില്ലകളില്‍ ജില്ലാ നേതൃത്വങ്ങള്‍ രാജി ഭീഷണി മുഴക്കിയതിന് പിന്നാലെ തൃശൂരിലെ ചാലക്കുടിയില്‍ ഒട്ടേറെ പ്രാദേശിക നേതാക്കള്‍ രാജിവച്ചു
[3] 33 ബൂത്ത് ഏജന്റുമാര്‍ക്ക് പുറമെ എട്ട് മണ്ഡലം പ്രസിഡന്റുമാരും യൂത്ത് കോണ്‍ഗ്രസ് പ്രവര്‍ത്തകരും രാജിവച്ചു
[4] ചാലക്കുടിയില്‍ പുറത്തുനിന്നുള്ള സ്ഥാനാര്‍ഥികള്‍ വേണ്ട എന്നാണ് ഇവരുടെ ആവശ്യം
[5] ചാലക്കുടിയില്‍ കോണ്‍ഗ്രസ് ടിജെ സനീഷ് കുമാറിനെ പരിഗണിക്കുന്നു എന്ന വിവരത്തിന്റെ അടിസ്ഥാനത്തിലാണ് രാജി
[6] മണ്ഡലത്തിന് പുറത്തുള്ളവരെ സ്ഥാനാര്‍ഥിയാക്കിയാല്‍ രാജിവെക്കുമെന്ന് നേരത്തെ ഒരു കൂട്ടം പ്രവര്‍ത്തകര്‍ ഭീഷണി മുഴക്കിയിരുന്നു
[7] അതേസമയം, സ്ഥാനാര്‍ഥി നിര്‍ണയവുമായി ബന്ധപ്പെട്ട് മറ്റു ജില്ലകളിലും കോണ്‍ഗ്രസില്‍ പ്രശ്‌നങ്ങള്‍ തുടരുകയാണ്
[8] മലപ്പുറം ഡിസിസി അധ്യക്ഷന്‍ വിവി പ്രകാശ് രാജിവെക്കുമെന്നാണ് സൂചന
[9] അദ്ദേഹത്തിന് നല്‍കുമെന്ന് കരുതിയിരുന്ന നിലമ്പൂര്‍ സീറ്റില്‍ കെപിസിസി സെക്രട്ടറി ടി സിദ്ദിഖിനെ മല്‍സരിപ്പിക്കുമെന്ന വിവരം വന്നതിന് പിന്നാലെയാണിത്
[10] നിലമ്പൂരില്‍ മണ്ഡലത്തില്‍ നിന്നു തന്നെയുള്ള സ്ഥാനാര്‍ഥികള്‍ വേണമെന്നാണ് വിവി പ്രകാശിനെ പിന്തുണയ്ക്കുന്നവരുടെ ആവശ്യം",അദ്ദേഹത്തിന് നൽകുമെന്ന് കരുതിയിരുന്ന നിലമ്പൂർ സീറ്റിൽ കെപിസിസി സെക്രട്ടറി ടി സിദ്ദിഖിനെ മൽസരിപ്പിക്കുമെന്ന വിവരം വന്നതിന് പിന്നാലെയാണിത്. മൂന്ന് ജില്ലകളിൽ ജില്ലാ നേതൃത്വങ്ങൾ രാജി ഭീഷണി മുഴക്കിയതിന് പിന്നാലെ തൃശൂരിലെ ചാലക്കുടിയിൽ ഒട്ടേറെ പ്രാദേശിക നേതാക്കൾ രാജിവച്ചു.,,,
87684,"[0] ദില്ലി: ഒരു വർഷം പിന്നിട്ട് ദില്ലി അതിർത്തികളിൽ കർഷകസമരം തുടരുകയാണ്
[1] കേന്ദ്ര സർക്കാർ പാസ്സാക്കിയ മൂന്ന് വിവാദ കാർഷിക നിയമങ്ങളും പിൻവലിക്കാതെ സമരത്തിൽ നിന്ന് പിന്നോട്ടില്ലെന്നാണ് കർഷകരുടെ നിലപാട്
[2] കർഷകരുമായി കേന്ദ്ര സർക്കാർ പലവട്ടം ചർച്ച നടത്തിയെങ്കിലും ഫലം കണ്ടില്ല
[3] കർഷകരോഷം സുപ്രീം കോടതിക്ക് പോലും മനസ്സിലാകുന്നില്ലെന്ന് ദില്ലിയിലെ കർഷകസമരപ്പന്തൽ സന്ദർശിച്ച് മുൻ മന്ത്രി തോമസ് ഐസക് പറയുന്നു
[4] തോമസ് ഐസകിന്റെ ഫേസ്ബുക്ക് കുറിപ്പ് വായിക്കാം: '' മൂന്നു കർഷക നിയമങ്ങളോടുള്ള ഇത്രയും രൂക്ഷമായ കർഷകരോഷം പലർക്കും മനസിലാകുന്നില്ല
[5] സുപ്രിംകോടതിക്കു പോലും
[6] ഞങ്ങളുടെ പരിഗണനയിൽ ഇരിക്കുന്ന വിഷയത്തിൽ എന്തിന് അനിശ്ചിതകാല സമരം എന്നാണ് അവർ ചോദിക്കുന്നത്
[7] പരിഗണിക്കാൻ ഇത്ര മാസങ്ങൾ കഴിഞ്ഞിട്ടും സമയം സുപ്രിംകോടതിക്കു ലഭിച്ചിട്ടില്ല എന്നതു കോടതിയെ അലട്ടുന്നതായി തോന്നുന്നില്ല
[8] എത്ര നിഷ്കളങ്കമായിട്ടാണ് ഞങ്ങൾ പരിഗണിച്ചു വഴിയേ തീർപ്പാക്കാം, നിങ്ങൾ പിരിഞ്ഞു പോവുക എന്നു പറയുന്നത്
[9] വഴി തടയുന്നതു തങ്ങളല്ല, ബാരിക്കേഡുകൾ ഉയർത്തിയുള്ള പൊലീസാണു തടയുന്നത് എന്നാണ് സമരക്കാരുടെ പ്രതികരണം","തോമസ് ഐസകിന്റെ ഫേസ്ബുക്ക് കുറിപ്പ് വായിക്കാംഃ "" മൂന്നു കർഷക നിയമങ്ങളോടുള്ള ഇത്രയും രൂക്ഷമായ കർഷകരോഷം പലർക്കും മനസിലാകുന്നില്ല. കേന്ദ്ര സർക്കാർ പാസ്സാക്കിയ മൂന്ന് വിവാദ കാർഷിക നിയമങ്ങളും പിൻവലിക്കാതെ സമരത്തിൽ നിന്ന് പിന്നോട്ടില്ലെന്നാണ് കർഷകരുടെ നിലപാട്.",,,
72281,"[0] ഗസ/തെല്‍അവീവ്: പശ്ചിമേഷ്യയില്‍ ഇസ്രായേല്‍ ആക്രമണം ശക്തിപ്പെട്ടു
[1] അമേരിക്കന്‍ എംബസി തെല്‍ അവീവില്‍ നിന്ന് ജറുസലേമിലേക്ക് മാറ്റിയ ട്രംപിന്റെ നടപടിയാണ്് പുതിയ പ്രശ്‌നങ്ങള്‍ക്ക് കാരണം
[2] ഇസ്രായേല്‍ സൈന്യം ഗസയില്‍ നടത്തിയ ആക്രമണത്തില്‍ 55 പേര്‍ കൊല്ലപ്പെട്ടു
[3] 3000ത്തോളം പേര്‍ക്ക് ഗുരുതരമായി പരിക്കേറ്റു
[4] തിങ്കളാഴ്ച തുടങ്ങിയ ആക്രമണം ചൊവ്വാഴ്ചയും തുടരുകയാണ്
[5] പശ്ചിമേഷ്യ കൂടുതല്‍ പ്രതിസന്ധിയിലേക്ക് നീങ്ങുന്നുവെന്നാണ് വിവരങ്ങള്‍
[6] ഇതുസംബന്ധിച്ച് സൗദി ഉള്‍പ്പെടെയുള്ള അറബ് രാജ്യങ്ങള്‍ അമേരിക്കയ്ക്ക് മുന്നറിയിപ്പ് നല്‍കിയിരുന്നു
[7] പരിക്കേറ്റ പലരും മരണത്തോട് മല്ലിട്ടാണ് കഴിയുന്നതെന്ന് ഗസാ ആരോഗ്യവൃത്തങ്ങള്‍ പറഞ്ഞു
[8] അറബ് ലോകത്ത് പ്രതിഷേധം അലയടിക്കുകയാണ്
[9] ഐക്യരാഷ്ട്ര സഭയും ഇസ്രായേലിനെതിരെ രംഗത്തുവന്നു
[10] മേഖലയില്‍ നിന്നുള്ള വിവരങ്ങള്‍ ഇങ്ങനെ..",അമേരിക്കൻ എംബസി തെൽ അവീവിൽ നിന്ന് ജറുസലേമിലേക്ക് മാറ്റിയ ട്രംപിന്റെ നടപടിയാണ്് പുതിയ പ്രശ്നങ്ങൾക്ക് കാരണം. ഇതുസംബന്ധിച്ച് സൌദി ഉൾപ്പെടെയുള്ള അറബ് രാജ്യങ്ങൾ അമേരിക്കയ്ക്ക് മുന്നറിയിപ്പ് നൽകിയിരുന്നു.,,,
4577,"[0] തിരുവനന്തപുരം∙ മൂന്നര മാസത്തെ ഇടവേളയ്ക്കു ശേഷം സംസ്ഥാനത്തെ പ്രതിദിന കോവിഡ് ബാധിതരുടെ എണ്ണം വീണ്ടും മൂവായിരത്തിനു മുകളിലായി
[1] കഴിഞ്ഞ ഒരാഴ്ചയായി രണ്ടായിരത്തിനു മുകളിലായിരുന്നത് ഇന്നലെ 3,488 ആയി ഉയർന്നു
[2] കഴിഞ്ഞ ഫെബ്രുവരി 26ന് ആണ് ഇതിനു മുൻപ് പ്രതിദിന കോവിഡ് ബാധിതരുടെ എണ്ണം 3000 കടന്നത്
[3] രാജ്യത്ത് ഇപ്പോൾ കൂടുതൽ കോവിഡ് ബാധിതരുള്ളതും കേരളത്തിലാണ്
[4] രോഗ വ്യാപനം കൂടുതലുളള എറണാകുളത്ത് ഇന്നലെ 987 പേർക്കാണു കോവിഡ് സ്ഥിരീകരിച്ചത്
[5] തിരുവനന്തപുരം(620), കോട്ടയം(471), കോഴിക്കോട്(281) ജില്ലകളാണ് തൊട്ടു പിന്നിലുള്ളത്
[6] നിലവിൽ സംസ്ഥാനത്ത് കോവിഡ് ചികിത്സയിലുള്ളവരുടെ എണ്ണം പതിനെട്ടായിരത്തിനു മുകളിലാണ്
[7] ടെസ്റ്റ് പോസിറ്റിവിറ്റി നിരക്ക് 14നു മുകളിലായി
[8] 3 മരണങ്ങളും ഇന്നലെ റിപ്പോർട്ട് ചെയ്തു",കഴിഞ്ഞ ഫെബ്രുവരി 26ന് ആണ് ഇതിനു മുൻപ് പ്രതിദിന കോവിഡ് ബാധിതരുടെ എണ്ണം 3000 കടന്നത്. മൂന്നര മാസത്തെ ഇടവേളയ്ക്കു ശേഷം സംസ്ഥാനത്തെ പ്രതിദിന കോവിഡ് ബാധിതരുടെ എണ്ണം വീണ്ടും മൂവായിരത്തിനു മുകളിലായി.,,,
71367,"[0] ഹാദിയയുടെ മതംമാറ്റവും അതേച്ചൊല്ലിയുള്ള വിവാദങ്ങളുമാണല്ലോ സോഷ്യൽ മീഡിയയിലെ ചർച്ചാ വിഷയം
[1] ഇസ്ലാമിലേക്ക് മുമ്പ് മതം മാറിയ ആളുകളെക്കുറിച്ചും ഒരുപാട് പേർ ചർച്ച ചെയ്യുന്നുണ്ട്
[2] ഈ കൂട്ടത്തിൽ ഏറ്റവും പ്രമുഖയാണ് എഴുത്തുകാരിയായ മാധവിക്കുട്ടി
[3] മാധവിക്കുട്ടി മതംമാറ്റത്തെക്കുറിച്ച് സുഹൃത്തായ ലീല മേനോനോട് പറഞ്ഞത് എന്ന പേരിൽ വൈറലാകുകയാണ് ഈ വാക്കുകൾ
[4] ഒപ്പം ഇസ്ലാം മതത്തിലേക്ക് മാറിയ മറ്റ് സെലിബ്രിറ്റികളെയും കാണാം..
[5] ലൗ ജിഹാദിന്റെ പ്രമുഖ ഇര മാധവിക്കുട്ടിയുടെ വാക്കുകൾ എന്ന് പറഞ്ഞ് സോഷ്യൽ മീഡിയയിൽ വൈറലാകുകയാണ് ഈ വാക്കുകൾ
[6] സുഹൃത്തായ ലീല മേനോനോട് പറഞ്ഞത് എന്ന പേരിലാണ് ഇത് പ്രചരിക്കുന്നത്
[7] എനിക്ക് മടുത്തിരിക്കുന്നു
[8] തിരിച്ചു വരണം എന്നുണ്ടായിരുന്നു
[9] പക്ഷേ അവരനുവദിക്കില്ല, അബദ്ധമാണ് പറ്റിയത് - ഇതാണത്രെ മാധവിക്കുട്ടിയുടെ വാക്കുകൾ",ഒപ്പം ഇസ്ലാം മതത്തിലേക്ക് മാറിയ മറ്റ് സെലിബ്രിറ്റികളെയും കാണാം... ലൌ ജിഹാദിന്റെ പ്രമുഖ ഇര മാധവിക്കുട്ടിയുടെ വാക്കുകൾ എന്ന് പറഞ്ഞ് സോഷ്യൽ മീഡിയയിൽ വൈറലാകുകയാണ് ഈ വാക്കുകൾ. മാധവിക്കുട്ടി മതംമാറ്റത്തെക്കുറിച്ച് സുഹൃത്തായ ലീല മേനോനോട് പറഞ്ഞത് എന്ന പേരിൽ വൈറലാകുകയാണ് ഈ വാക്കുകൾ.,,,
80842,"[0] ബംഗളൂരു: ബംഗളൂരുവിലെ ആശുപത്രിയില്‍ ജോലി ചെയ്തിരുന്ന മലയാളി നഴ്‌സ് ആശുപത്രിയിലെ ശുചിമുറിയില്‍ മരിച്ച നിലയില്‍ കണ്ടെത്തി
[1] കൊല്ലം ഏഴുകോണ്‍ എടക്കോട് ഐശ്വര്യയില്‍ ശശിധരന്റെ മകന്‍ അതുല്‍ ശശിധരന്‍ (26) ആണ് മരിച്ചത്
[2] ഇദ്ദേഹം രണ്ട് വര്‍ഷമായി ആശുപത്രിയില്‍ ജോലി ചെയ്യുന്നു
[3] മാറത്തഹള്ളി സക്ര വേള്‍ഡ് ആശുപത്രിയിലെ കൊവിഡ് കെയര്‍ ഐസിയുവിന്റെ ശുചിമുറിയിലാണ് മൃതദേഹം കണ്ടെത്തിയത്
[4] മരണത്തില്‍ ദുരൂഹതയുണ്ടെന്നാണ് കുടുംബം ആരോപിക്കുന്നത്
[5] ഈ സാഹചര്യത്തില്‍ പിതാവ് മാറത്തഹള്ളി പൊലീസ് സ്റ്റേഷനില്‍ പരാതി നല്‍കിയിട്ടുണ്ട്
[6] അതുലിനെ ആശുപത്രിയിലെ ശുചിമുറിയില്‍ മരിച്ചനിലയില്‍ കണ്ടെത്തുകയായിരുന്നെന്നും ഹൃദയാഘാതം സംഭവിച്ചു എന്നുമാണ് ആശുപത്രി അധികൃതര്‍ അറിയിച്ചിരിക്കുന്നത്
[7] എന്നാല്‍ മൃതദേഹം പോസ്റ്റ് മോര്‍ട്ടം നടത്താന്‍ തയ്യാറായില്ലെന്നും ശീതീകരണ സംവിധാനമുള്ള ആംബുലന്‍സ് വിട്ടു നല്‍കിയില്ലെന്നും പിതാവ് ആരോപിക്കുന്നു
[8] സംസ്‌കാരം നാട്ടില്‍ നടത്തി",എന്നാൽ മൃതദേഹം പോസ്റ്റ് മോർട്ടം നടത്താൻ തയ്യാറായില്ലെന്നും ശീതീകരണ സംവിധാനമുള്ള ആംബുലൻസ് വിട്ടു നൽകിയില്ലെന്നും പിതാവ് ആരോപിക്കുന്നു. കൊല്ലം ഏഴുകോൺ എടക്കോട് ഐശ്വര്യയിൽ ശശിധരന്റെ മകൻ അതുൽ ശശിധരൻ (26) ആണ് മരിച്ചത്.,,,
33286,"[0] ന്യൂഡൽഹി∙ വിനയ് കുമാർ സക്സേനയെ ഡൽഹി ലഫ്
[1] ഗവർണർ ആയി നിയമിച്ചു
[2] അനിൽ ബൈജാൽ രാജി വച്ച ഒഴിവിലാണ് നിയമനം
[3] ബൈജാലിന്റെ രാജി തിങ്കളാഴ്ച രാഷ്ട്രപതി സ്വീകരിച്ചിരുന്നു
[4] വ്യക്തിപരമായ കാരണങ്ങളാലാണ് സ്ഥാനമൊഴിയുന്നതെന്ന് രാഷ്ട്രപതിക്കയച്ച കത്തിൽ അദ്ദേഹം വ്യക്തമാക്കിയിരുന്നു
[5] 2016 ഡിസംബറിലാണ് അധികാരമേറ്റത്",വ്യക്തിപരമായ കാരണങ്ങളാലാണ് സ്ഥാനമൊഴിയുന്നതെന്ന് രാഷ്ട്രപതിക്കയച്ച കത്തിൽ അദ്ദേഹം വ്യക്തമാക്കിയിരുന്നു. അനിൽ ബൈജാൽ രാജി വച്ച ഒഴിവിലാണ് നിയമനം.,,,
48051,"[0] ദില്ലി : ഇന്ത്യയ്ക്കെതിരെയുളള ഒന്നാം ടെസ്റില്‍ സിംബാബ്വെയ്ക്ക് പതിഞ്ഞ തുടക്കം
[1] കളിനിര്‍ത്തുമ്പോള്‍ സന്ദര്‍ശകര്‍ എട്ടു വിക്കറ്റ് നഷ്ടത്തില്‍ 248 റണ്‍സെടുത്തിട്ടുണ്ട്
[2] ടോസ് നേടിയ സിംബാബ്വെ ബാറ്റിംഗ് തിരഞ്ഞെടുത്തു
[3] ഒരു ഘട്ടത്തില്‍ രണ്ടിന് 118 എന്ന ശക്തമായ നിലയിലായിരുന്നു അവര്‍
[4] സന്ദര്‍ശകര്‍ക്കു വേണ്ടി ക്യാപ്റ്റന്‍ സ്റുവെര്‍ട്ട് കാര്‍ലൈസ് 77 ഉം അലിസ്റര്‍ കാംപെല്‍ 57 ഉം റണ്‍സ് നേടി
[5] കളി നിര്‍ത്തുമ്പോള്‍ 33 റണ്‍സോടെ ട്രാവിസ് ഫ്രണ്ടും ആറു റണ്ണോടെ റെയ്മണ്ട് പ്രൈസുമാണ് ക്രീസില്‍",സന്ദർശകർക്കു വേണ്ടി ക്യാപ്റ്റൻ സ്റുവെർട്ട് കാർലൈസ് 77 ഉം അലിസ്റർ കാംപെൽ 57 ഉം റൺസ് നേടി. കളി നിർത്തുമ്പോൾ 33 റൺസോടെ ട്രാവിസ് ഫ്രണ്ടും ആറു റണ്ണോടെ റെയ്മണ്ട് പ്രൈസുമാണ് ക്രീസിൽ.,,,
85675,"[0] തിരുവനന്തപുരം: രണ്ടാം പിണറായി സർക്കാർ അധികാരമേറ്റെടുത്തതിന് ശേഷം ആദ്യം നേരിടുന്ന പ്രധാന വെല്ലുവിളികളിൽ ഒന്നാണ് ന്യൂനപക്ഷ സ്കോളർഷിപ്പുമായി ബന്ധപ്പെട്ട ഹൈക്കോടതി വിധി
[1] വിഷയത്തെ വർഗീയ ധ്രൂവീകരണത്തിനും രാഷ്ട്രീയ ആയുധമായും ഉപയോഗിച്ചു തുടങ്ങിയതിനാൽ എത്രയും പെട്ടെന്ന് പ്രശ്നത്തിന് പരിഹാരം കണ്ടെത്തേണ്ടതുണ്ട്
[2] എന്നാൽ സിപിഎമ്മിലെ മുതിർന്ന നേതാക്കൾക്കിടയിൽ തന്നെ ഇക്കാര്യത്തിൽ ഭിന്നാഭിപ്രായമാണെന്നെതും അതീവ ജാഗ്രതയോടെ കൈകാര്യം ചെയ്യേണ്ട വിഷയമാണെന്നതുമാണ് സിപിഎമ്മിനെയും സർക്കാരിനെയും ഒരേപോലെ അലട്ടുന്നത്
[3] സം​സ്ഥാ​ന​ത്ത്​ ന്യൂ​ന​പ​ക്ഷ വി​ഭാ​ഗ​ക്കാ​രാ​യ വി​ദ്യാ​ർ​ഥി​ക​ൾ​ക്ക്​ അ​നു​വ​ദി​ക്കു​ന്ന മെ​റി​റ്റ് സ്‌​കോ​ള​ർ​ഷി​പ് 80 ശ​ത​മാ​നം മു​സ്​​ലിം​ക​ൾ​ക്കും 20 ശ​ത​മാ​നം ല​ത്തീ​ൻ ക​ത്തോ​ലി​ക്ക, പ​രി​വ​ർ​ത്തി​ത ക്രി​സ്ത്യ​ൻ വി​ഭാ​ഗ​ങ്ങ​ൾ​ക്കു​മാ​യി സം​വ​ര​ണം ചെ​യ്​​ത സം​സ്ഥാ​ന സ​ർ​ക്കാ​റി​ന്‍റെ ഉ​ത്ത​ര​വു​ക​ളാണ് ഹൈ​കോ​ട​തി റ​ദ്ദാ​ക്കി‍യത്
[4] കേ​ന്ദ്ര​സ​ർ​ക്കാ​ർ വി​ജ്ഞാ​പ​ന പ്ര​കാ​രം ന്യൂ​ന​പ​ക്ഷ സ​മു​ദാ​യ​മാ​യി പ്ര​ഖ്യാ​പി​ച്ച എ​ല്ലാ വി​ഭാ​ഗ​ക്കാ​ർ​ക്കും ജ​ന​സം​ഖ്യാ​നു​പാ​തി​ക​മാ​യി ആ​നു​കൂ​ല്യം വി​ത​ര​ണം ചെ​യ്യ​ണ​മെ​ന്ന്​ വി​ല​യി​രു​ത്തി​യാ​ണ്​ ചീ​ഫ്​ ജ​സ്​​റ്റി​സ്​ എ​സ്
[5] മ​ണി​കു​മാ​ർ, ജ​സ്​​റ്റി​സ്​ ഷാ​ജി പി
[6] ​ചാ​ലി എ​ന്നി​വ​ര​ട​ങ്ങു​ന്ന ഡി​വി​ഷ​ൻ ബെ​ഞ്ച് ഉ​ത്ത​ര​വിട്ടത്","സം സ്ഥാ ന ത്ത്  ന്യൂ ന പ ക്ഷ വി ഭാ ഗ ക്കാ രാ യ വി ദ്യാ ർ ഥി ക ൾ ക്ക്  അ നു വ ദി ക്കു ന്ന മെ റി റ്റ് സ് കോ ള ർ ഷി പ് 80 ശ ത മാ നം മു സ്  ലിം ക ൾ ക്കും 20 ശ ത മാ നം ല ത്തീ ൻ ക ത്തോ ലി ക്ക, പ രി വ ർ ത്തി ത ക്രി സ്ത്യ ൻ വി ഭാ ഗ ങ്ങ ൾ ക്കു മാ യി സം വ ര ണം ചെ യ്  ത സം സ്ഥാ ന സ ർ ക്കാ റി ൻറെ ഉ ത്ത ര വു ക ളാണ് ഹൈ കോ ട തി റ ദ്ദാ ക്കിയത്. കേ ന്ദ്ര സ ർ ക്കാ ർ വി ജ്ഞാ പ ന പ്ര കാ രം ന്യൂ ന പ ക്ഷ സ മു ദാ യ മാ യി പ്ര ഖ്യാ പി ച്ച എ ല്ലാ വി ഭാ ഗ ക്കാ ർ ക്കും ജ ന സം ഖ്യാ നു പാ തി ക മാ യി ആ നു കൂ ല്യം വി ത ര ണം ചെ യ്യ ണ മെ ന്ന്  വി ല യി രു ത്തി യാ ണ്  ചീ ഫ്  ജ സ്  റ്റി സ്  എ സ്.",,,
74216,"[0] ആലപ്പുഴ: കെഎസ് യു സംസ്ഥാന ജനറൽ സെക്രട്ടറിക്ക് വെട്ടേറ്റു
[1] ആലപ്പുഴ കാർത്തികപ്പള്ളി ഗ്രാമപഞ്ചായത്തംഗവുമായ ആർ
[2] റോഷനാണ് വെട്ടേറ്റത്
[3] മൂന്നു ബൈക്കുകളിലായെത്തിയ ആറംഗ സംഘമാണ് റോഷനെ ആക്രമിച്ചത്
[4] കൈയ്യിലും പുറത്തും വെട്ടേറ്റ റോഷനെ ആലപ്പുഴ മെഡിക്കൽ കോളജ് ആശുപത്രിയിൽ പ്രവേശിപ്പിച്ചു
[5] റോഷന്റെ നില ഗുരുതരമാണെന്നാണ് പുറത്ത് വരുന്ന റിപ്പോർട്ടുകൾ
[6] അക്രമത്തിനു പിന്നിൽ ആർഎസ്എസ് ആണെന്ന് കോൺഗ്രസ് ആരോപിച്ചു
[7] മാസങ്ങൾക്ക് മുൻപ് വലിയകുളങ്ങരയിൽ ഉണ്ടായ രാഷ്ട്രീയ സംഘർഷത്തിന്റെ തുടർച്ചയായാണ് അക്രമമെന്നാണ് നിഗമനം",മാസങ്ങൾക്ക് മുൻപ് വലിയകുളങ്ങരയിൽ ഉണ്ടായ രാഷ്ട്രീയ സംഘർഷത്തിന്റെ തുടർച്ചയായാണ് അക്രമമെന്നാണ് നിഗമനം. കൈയ്യിലും പുറത്തും വെട്ടേറ്റ റോഷനെ ആലപ്പുഴ മെഡിക്കൽ കോളജ് ആശുപത്രിയിൽ പ്രവേശിപ്പിച്ചു.,,,
56613,"[0] നിങ്ങള്‍ക്ക്‌ നല്‌കിയ വാക്ക്‌ ഞാന്‍ പാലിയ്‌ക്കുന്നു, പുതിയൊരു ഗതാഗത രീതിയുടെ പ്രവേശനമാണിത്‌ കാര്‍ രാജ്യത്തിന്‌ സമര്‍പ്പിച്ചു കൊണ്ട്‌ രത്തന്‍ ടാറ്റ പറഞ്ഞു
[1] ഏപ്രില്‍ ഒമ്പത്‌ മുതല്‍ 22 വരെ കാര്‍ ബുക്ക്‌ ചെയ്യാം
[2] നാനോയുടെ പന്ത്‌ നഗര്‍ ഫാക്ടറിയില്‍ ത്‌നനെ കാറിന്‌ ലക്ഷം രൂപ വില വരും
[3] അടിസ്ഥാന മോഡലിന്‌ പന്ത്‌നഗര്‍ ഷോറൂമില്‍ 1.12 ലക്ഷവും മുംബൈയില്‍ 1.34 ലക്ഷവുമായിരിക്കും വില
[4] നികുതി, ഇന്‍ഷുറന്‍സ്‌ തുടങ്ങിയവയ്‌ക്ക്‌ പുറമെയാണിത്‌
[5] ഉയര്‍ന്ന മോഡലിന്‌ മുംബൈയില്‍ 1.85 ലക്ഷവും പന്ത്‌നഗറില്‍ 1.70 ലക്ഷവുമായിരിക്കും വില","നല്കിയ വാക്ക് ഞാൻ പാലിയ്ക്കുന്നു, പുതിയൊരു ഗതാഗത രീതിയുടെ പ്രവേശനമാണിത് കാർ രാജ്യത്തിന് സമർപ്പിച്ചു കൊണ്ട് രത്തൻ ടാറ്റ പറഞ്ഞു. അടിസ്ഥാന മോഡലിന് പന്ത്നഗർ ഷോറൂമിൽ 1.12 ലക്ഷവും മുംബൈയിൽ 1.34 ലക്ഷവുമായിരിക്കും വില.",,,
25352,"[0] തിരുവല്ല∙ മുൻ മുഖ്യമന്ത്രി ഉമ്മൻ ചാണ്ടിയും പ്രതിപക്ഷനേതാവ് രമേശ് ചെന്നിത്തലയും മാർത്തോമ്മാ സഭാ ആസ്ഥാനത്ത് എത്തി ഡോ
[1] തിയഡോഷ്യസ് മാർത്തോമ്മാ മെത്രാപ്പൊലീത്തയെ സന്ദർശിച്ചു
[2] രാവിലെ 11.30നായിരുന്നു സന്ദർശനം
[3] സംഭാഷണം 25 മിനിറ്റ് നീണ്ടു
[4] സൗഹൃദ സംഭാഷണമായിരുന്നു എന്ന് ഉമ്മൻ ചാണ്ടി പറഞ്ഞപ്പോൾ രമേശ് ചെന്നിത്തല പ്രതികരിച്ചില്ല
[5] മാർത്തോമ്മാ സഭയുടെ താൽപര്യങ്ങളും നിർദേശങ്ങളും ഇരുവരെയും അറിയിച്ചുവെന്ന് ഡോ.തിയഡോഷ്യസ് മാർത്തോമ്മാ മെത്രാപ്പൊലീത്ത പറഞ്ഞു",മുൻ മുഖ്യമന്ത്രി ഉമ്മൻ ചാണ്ടിയും പ്രതിപക്ഷനേതാവ് രമേശ് ചെന്നിത്തലയും മാർത്തോമ്മാ സഭാ ആസ്ഥാനത്ത് എത്തി ഡോ. മാർത്തോമ്മാ സഭയുടെ താൽപര്യങ്ങളും നിർദേശങ്ങളും ഇരുവരെയും അറിയിച്ചുവെന്ന് ഡോ.തിയഡോഷ്യസ് മാർത്തോമ്മാ മെത്രാപ്പൊലീത്ത പറഞ്ഞു.,,,
62946,"[0] ദില്ലി: നിയമസഭാ തിരഞ്ഞെടുപ്പോടെ ത്രിശങ്കുവില്‍ നില്‍ക്കുന്ന തലസ്ഥാനത്ത് സര്‍ക്കാര്‍ രൂപീകരിക്കാന്‍ കോണ്‍ഗ്രസിന്റെ പിന്തുണ സ്വീകരിക്കുന്ന കാര്യം പരിശോധിക്കുകയാണെന്ന് ആം ആദ്മി പാര്‍ട്ടി അറിയിച്ചു
[1] ലഫ്
[2] കേണലുമായി ചര്‍ച്ച നടത്തിയ ശേഷം ഇക്കാര്യത്തില്‍ അന്തിമ തീരുമാനമെടുക്കുമെന്ന് ആപ് വ്യക്തമാക്കി
[3] രണ്ടാമത്തെ വലിയ കക്ഷിയായ ആം ആദ്മി പാര്‍ട്ടിയെ സര്‍ക്കാര്‍ രൂപീകരണ ചര്‍ച്ചയ്ക്കായി ലഫ്
[4] കേണല്‍ ക്ഷണിച്ച സാഹചര്യത്തിലാണ് ഇരുവരും ശനിയാഴ്ച കൂടിക്കാഴ്ച നടത്തുന്നത്
[5] സര്‍ക്കാര്‍ രൂപീകരിക്കാന്‍ ആംആദ്മി പാര്‍ട്ടിക്ക് നിരുപാധിക പിന്തുണ നല്‍കാമെന്ന് അറിയിച്ച് കോണ്‍ഗ്രസ് ലെഫ്
[6] ഗവര്‍ണര്‍ക്ക് കത്ത് നല്‍കുകിയിരുന്നു
[7] എഎപിയ്ക്ക് പിന്തുണ നല്‍കുന്ന കാര്യം പരിഗണിക്കാമെന്ന് കോണ്‍ഗ്രസ് ഉപാദ്ധ്യക്ഷന്‍ രാഹുല്‍ ഗാന്ധിയും വെള്ളിയാഴ്ച സൂചിപ്പിക്കുകയുണ്ടായി
[8] ഇതിന് പിന്നാലെയാണ് ആപിന്റെ പ്രതികരണം",നിയമസഭാ തിരഞ്ഞെടുപ്പോടെ ത്രിശങ്കുവിൽ നിൽക്കുന്ന തലസ്ഥാനത്ത് സർക്കാർ രൂപീകരിക്കാൻ കോൺഗ്രസിന്റെ പിന്തുണ സ്വീകരിക്കുന്ന കാര്യം പരിശോധിക്കുകയാണെന്ന് ആം ആദ്മി പാർട്ടി അറിയിച്ചു. എഎപിയ്ക്ക് പിന്തുണ നൽകുന്ന കാര്യം പരിഗണിക്കാമെന്ന് കോൺഗ്രസ് ഉപാദ്ധ്യക്ഷൻ രാഹുൽ ഗാന്ധിയും വെള്ളിയാഴ്ച സൂചിപ്പിക്കുകയുണ്ടായി.,,,
28852,"[0] തിരുവനന്തപുരം∙ ചായക്കോപ്പയിലെ കൊടുങ്കാറ്റാണ് ഇപ്പോഴുള്ളതെന്നും മുസ്‌ലിം ലീഗിൽ ആശയക്കുഴപ്പമില്ലമെന്നും ലീഗ് നേതാവ് പി.എം.എ
[1] സലാം
[2] ഇന്നു വൈകിട്ടോടെ എല്ലാം കലങ്ങി തെളിയും
[3] പി.കെ
[4] കുഞ്ഞാലിക്കുട്ടിയും എൻഫോഴ്സ്മെന്റ് ഡയറക്ടറേറ്റും (ഇഡി) തമ്മിലുള്ള സംസാരം കെ.ടി
[5] ജലീൽ എംഎൽഎയ്ക്ക് എങ്ങനെ കിട്ടുമെന്നും അദ്ദേഹം ചോദിച്ചു",ചായക്കോപ്പയിലെ കൊടുങ്കാറ്റാണ് ഇപ്പോഴുള്ളതെന്നും മുസ്ലിം ലീഗിൽ ആശയക്കുഴപ്പമില്ലമെന്നും ലീഗ് നേതാവ് പി.എം.എ. കുഞ്ഞാലിക്കുട്ടിയും എൻഫോഴ്സ്മെന്റ് ഡയറക്ടറേറ്റും (ഇഡി) തമ്മിലുള്ള സംസാരം കെ.ടി.,,,
70643,"[0] ബെംഗളുരു: ബിജെപി പണവും സ്ഥാനവും കാട്ടി മോഹിപ്പിച്ച് കോണ്‍ഗ്രസ് എംഎല്‍എമാരെ ചാക്കിലാക്കുന്നതിനിടെ കര്‍ണാടകത്തില്‍ എംഎല്‍എമാരെത്തിയതില്‍ വിശദീകരണവുമായി നേതൃത്വം
[1] കോണ്‍ഗ്രസ് എംഎല്‍എമാര്‍ കര്‍ണാടകത്തിലെത്തിയത് ബിജെപിയെ ഭയന്നിട്ടല്ലെന്നും അവര്‍ ക്ഷേത്ര സന്ദര്‍ശനത്തിനായാണ് ഇവിടെ എത്തിയതെന്നും കര്‍ണാടക കോണ്‍ഗ്രസ് വൃത്തങ്ങള്‍ അറിയിച്ചു
[2] അവര്‍ ക്ഷേത്ര ദര്‍ശനത്തിനായാണ് എത്തിയത്
[3] എവിടെയൊക്കയാണ് പോകേണ്ടതെന്നത് അവരെ അറിയിക്കും
[4] അവര്‍ക്കുവേണ്ട എല്ലാ സൗകര്യങ്ങളും ഒരുക്കിക്കൊടുക്കുമെന്നും കര്‍ണാടകത്തില്‍ നിന്നുള്ള കോണ്‍ഗ്രസ് എംപിയായ ഡി കെ സുരേഷ് പവറഞ്ഞു
[5] ഏതാണ്ട് 44 എംഎല്‍എമാര്‍ ഒരു റിസോര്‍ട്ടിലാണ് കഴിയുന്നത്",കോൺഗ്രസ് എംഎൽഎമാർ കർണാടകത്തിലെത്തിയത് ബിജെപിയെ ഭയന്നിട്ടല്ലെന്നും അവർ ക്ഷേത്ര സന്ദർശനത്തിനായാണ് ഇവിടെ എത്തിയതെന്നും കർണാടക കോൺഗ്രസ് വൃത്തങ്ങൾ അറിയിച്ചു. ബിജെപി പണവും സ്ഥാനവും കാട്ടി മോഹിപ്പിച്ച് കോൺഗ്രസ് എംഎൽഎമാരെ ചാക്കിലാക്കുന്നതിനിടെ കർണാടകത്തിൽ എംഎൽഎമാരെത്തിയതിൽ വിശദീകരണവുമായി നേതൃത്വം.,,,
70468,"[0] 'അമ്മ' എന്ന വാക്ക് സ്നേഹത്തിനും പരിലാളനത്തിനും സാന്ത്വനത്തിനും വാത്സല്യത്തിനും പ്രതീകമാണ്
[1] അമ്മയുടെ സ്നേഹത്തെ കുറിച്ച് ഓർക്കുന്നതിനായി മാതൃദിനം ആഘോഷിക്കാറുണ്ട്
[2] എന്നാൽ കരുതലും സംരക്ഷണവും കരുതിവച്ച പിതാവിനും ഒരു ദിനമുണ്ട്
[3] മക്കൾക്കു വേണ്ടി ചോര നീരാക്കി സ്വയം ഉരുകിത്തീരുന്ന എല്ലാ അച്ഛന്മാരെയും ഓർക്കുന്ന ദിനം
[4] ജൂൺ മാസത്തിലെ മൂന്നാമത്തെ ഞായറാഴ്ചയാണ് ഫാദേഴ്സ് ഡേ ആഘോഷിക്കുന്നത്
[5] അച്ഛൻമാരെ ബഹുമാനിക്കുന്നതിനും പിതൃത്വം ആഘോഷിക്കുന്നതിനും സമൂഹത്തിൽ പിതാവിനുള്ള സ്വാധീനം മനസിലാക്കുന്നതിനുമുള്ള ദിവസമാണ് ഇത്",മക്കൾക്കു വേണ്ടി ചോര നീരാക്കി സ്വയം ഉരുകിത്തീരുന്ന എല്ലാ അച്ഛന്മാരെയും ഓർക്കുന്ന ദിനം. അച്ഛൻമാരെ ബഹുമാനിക്കുന്നതിനും പിതൃത്വം ആഘോഷിക്കുന്നതിനും സമൂഹത്തിൽ പിതാവിനുള്ള സ്വാധീനം മനസിലാക്കുന്നതിനുമുള്ള ദിവസമാണ് ഇത്.,,,
61965,"[0] തമിഴിനും സംസ്‌കൃതത്തിനും തെലുങ്കിനും കന്നടയ്ക്കും ശേഷം ശ്രേഷ്ഠഭാഷാ പദവി ലഭിക്കുന്ന ഇന്ത്യയിലെ അഞ്ചാമത്തെ ഭാഷയാണ് മലയാളം
[1] ഇതോടെ ഭാഷയുടെ പരിപോഷണത്തിനും ഗവേഷണ-പഠന കേന്ദ്രങ്ങള്‍ തുടങ്ങുന്നതിനും മികവിന്റെ പുരസ്‌കാരങ്ങള്‍ ഏര്‍പ്പെടുത്തുന്നതിനും കേന്ദ്രസര്‍ക്കാറിന്റെ നൂറുകോടി രൂപയും മലയാളത്തിന് ലഭിക്കും
[2] ഓരോ വര്‍ഷവും രണ്ട് ഭാഷാ പുരസ്‌കാരങ്ങള്‍ നല്‍കാനും അനുമതിയുണ്ടാകും
[3] തമിഴിനാണ് ആദ്യം ശ്രേഷ്ഠഭാഷാ പദവി ലഭിച്ചത്
[4] 2010ലാണ് മലയാളത്തിനും ശ്രേഷ്ഠഭാഷാ പദവി നല്‍കാനുള്ള ആവശ്യം മുന്നോട്ടു വച്ചത്
[5] എന്നാല്‍ മറ്റു മാനദണ്ഡങ്ങള്‍ പാലിക്കുന്നുണ്ടെങ്കിലും ശ്രേഷ്ഠഭാഷാ പദവി നല്‍കാനുള്ള കാലപ്പഴക്കം മലയാളത്തിനില്ലെന്ന് വിധിയെഴുതി കേന്ദ്രസാഹിത്യ അക്കാദമിക്ക് കീഴിലുള്ള ഉപസമിതി ശുപാര്‍ശ നിരാകരിക്കുകയായിരുന്നു
[6] സമിതി അംഗവും പ്രമുഖ ദ്രാവിഡ ഭാഷാ ശാസ്ത്രഞ്ജനുമായ വിഎച്ച് കൃഷ്മണമൂര്‍ത്തിയുടെ റിപ്പോര്‍ട്ടിന്റെ പുറത്താണ് ശുപാര്‍ശ തള്ളിയത്",ഇതോടെ ഭാഷയുടെ പരിപോഷണത്തിനും ഗവേഷണ-പഠന കേന്ദ്രങ്ങൾ തുടങ്ങുന്നതിനും മികവിന്റെ പുരസ്കാരങ്ങൾ ഏർപ്പെടുത്തുന്നതിനും കേന്ദ്രസർക്കാറിന്റെ നൂറുകോടി രൂപയും മലയാളത്തിന് ലഭിക്കും. എന്നാൽ മറ്റു മാനദണ്ഡങ്ങൾ പാലിക്കുന്നുണ്ടെങ്കിലും ശ്രേഷ്ഠഭാഷാ പദവി നൽകാനുള്ള കാലപ്പഴക്കം മലയാളത്തിനില്ലെന്ന് വിധിയെഴുതി കേന്ദ്രസാഹിത്യ അക്കാദമിക്ക് കീഴിലുള്ള ഉപസമിതി ശുപാർശ നിരാകരിക്കുകയായിരുന്നു.,,,
5205,"[0] ട്രെയിൻ സർവീസുകൾ ഉൾപ്പെടെ പുനഃരാരംഭിച്ച് ഇന്ത്യ ലോക്‌ഡൗൺ ഇളവുകളിലേക്കു കടക്കുമ്പോൾ ലോകത്തിന്റെ പല ഭാഗത്തുനിന്നും കോവിഡിന്റെ രണ്ടാം വരവിന്റെ സൂചനകൾ
[1] ഇന്ത്യയിലെ കോവിഡ് കേസുകളുടെ ആകെ എണ്ണം കുറയ്ക്കാൻ പോലും ഇതുവരെ സാധിച്ചിട്ടില്ല
[2] ഏറ്റവും പുതിയ കണക്കനുസരിച്ച് 67,152 പേർ‌ക്കാണ് ഇന്ത്യയിൽ ഇതുവരെ കോവിഡ് സ്ഥിരീകരിച്ചത്
[3] ഇന്നലെ മാത്രം പുതിയ കേസുകൾ 4,213
[4] 20,916 പേർക്ക് ഭേദപ്പെട്ടു, 2206 പേർ‌ മരിച്ചു
[5] 44,029 പേർ ഇപ്പോഴും രോഗബാധിതരാണ്","സർവീസുകൾ ഉൾപ്പെടെ പുനഃരാരംഭിച്ച് ഇന്ത്യ ലോക്ഡൌൺ ഇളവുകളിലേക്കു കടക്കുമ്പോൾ ലോകത്തിന്റെ പല ഭാഗത്തുനിന്നും കോവിഡിന്റെ രണ്ടാം വരവിന്റെ സൂചനകൾ. ഏറ്റവും പുതിയ കണക്കനുസരിച്ച് 67,152 പേർക്കാണ് ഇന്ത്യയിൽ ഇതുവരെ കോവിഡ് സ്ഥിരീകരിച്ചത്.",,,
75147,"[0] സന്നിധാനം: മണ്ഡലകാലം അവസാനിക്കാനിരിക്കേ ശബരിമല വീണ്ടും സംഘര്‍ഷ ഭരിതം
[1] ശബരിമലയില്‍ ദര്‍ശനത്തിനായി വീണ്ടും യുവതികളെത്തിയതോടെയാണ് പ്രശ്‌നങ്ങള്‍
[2] കണ്ണൂര്‍ സ്വദേശിനികളായ രേഷ്മ നിശാന്ത്, ഷനില എന്നീ യുവതികളാണ് പുലര്‍ച്ചയോടെ മല ചവിട്ടാനെത്തിയത്
[3] എന്നാല്‍ പ്രതിഷേധക്കാര്‍ യുവതികളെ നീലിമലയില്‍ തടഞ്ഞു
[4] മൂന്ന് മണിക്കൂറിലധികം നേരമാണ് പ്രതിഷേധക്കാര്‍ ഇവരെ നീലിമലയില്‍ തടഞ്ഞ് വെച്ചത്
[5] പ്രതിഷേധക്കാരായ അഞ്ച് പേരെ പോലീസ് കസ്റ്റഡിയിലെടുത്തിട്ടുണ്ട്","കണ്ണൂർ സ്വദേശിനികളായ രേഷ്മ നിശാന്ത്, ഷനില എന്നീ യുവതികളാണ് പുലർച്ചയോടെ മല ചവിട്ടാനെത്തിയത്. മൂന്ന് മണിക്കൂറിലധികം നേരമാണ് പ്രതിഷേധക്കാർ ഇവരെ നീലിമലയിൽ തടഞ്ഞ് വെച്ചത്.",,,
77746,"[0] കണ്ണൂര്‍: സിപിഎം സംസ്ഥാനകമ്മിറ്റിയംഗം പി ജയരാജന്‍ ബിജെപിയില്‍ ചേരുന്നുവെന്ന നവമാധ്യമങ്ങളില്‍ വന്ന വാര്‍ത്തയ്‌ക്കെതിരെ തന്റെ ഫെയ്‌സ് ബുക്ക് പേജില്‍ ജയരാജന്റെ ശക്തമായ മറുപടി
[1] വ്യാജ പ്രചരണങ്ങള്‍ക്ക് മറുപടിയുമായി പി ജയരാജന്റെ ഫേസ്ബുക്ക് പോസ്റ്റ്
[2] ജയരാജന്റെ ഫേസ്ബുക്ക് പോസ്റ്റ് തുടങ്ങുന്നത് ഇങ്ങനെയാണ്: എന്നെ സംബന്ധിച്ച ഒരു വ്യാജ വാര്‍ത്ത കഴിഞ്ഞ ദിവസം മുതല്‍ സാമൂഹ്യ മാധ്യമങ്ങളില്‍ പ്രചരിപ്പിക്കുന്നത് ശ്രദ്ധയില്‍പെട്ടിരുന്നു
[3] എന്നാല്‍ ആ സമയത്ത് അത് ഞാന്‍ അവഗണിക്കുകയായിരുന്നു
[4] എന്നാല്‍ ഇന്ന് ആര്‍എസ്എസ് ചാനലായ ജനം ടിവിയുടെ ലോഗോ വെച്ച പോസ്റ്ററുകളാണ് കാണുന്നത്
[5] പ്രചരിപ്പിക്കുന്നതോ സംഘികളും
[6] ഇതോടെ ഈ വ്യാജ വാര്‍ത്ത പ്രചാരണത്തിന് പിന്നില്‍ സംഘപരിവാരമാണെന്ന് വ്യക്തമായിരിക്കുകയാണ്
[7] ഇതിനെതിരെ നിയമ നടപടികള്‍ സ്വീകരിക്കും
[8] പിതൃ ശൂന്യ വാര്‍ത്തകള്‍ പ്രചരിപ്പിക്കുന്നതില്‍ നല്ല കഴിവുള്ളവരാണ് സംഘികള്‍
[9] അച്ചടി പത്രങ്ങള്‍ പ്രസിദ്ധീകരിക്കാത്തതിന്റെ തലേ ദിവസം ഭീകരമായ കൊലപാതകങ്ങളും അക്രമണങ്ങളുമാണ് അവര്‍ നടത്താറുള്ളത്",സിപിഎം സംസ്ഥാനകമ്മിറ്റിയംഗം പി ജയരാജൻ ബിജെപിയിൽ ചേരുന്നുവെന്ന നവമാധ്യമങ്ങളിൽ വന്ന വാർത്തയ്ക്കെതിരെ തന്റെ ഫെയ്സ് ബുക്ക് പേജിൽ ജയരാജന്റെ ശക്തമായ മറുപടി. ജയരാജന്റെ ഫേസ്ബുക്ക് പോസ്റ്റ് തുടങ്ങുന്നത് ഇങ്ങനെയാണ്ഃ എന്നെ സംബന്ധിച്ച ഒരു വ്യാജ വാർത്ത കഴിഞ്ഞ ദിവസം മുതൽ സാമൂഹ്യ മാധ്യമങ്ങളിൽ പ്രചരിപ്പിക്കുന്നത് ശ്രദ്ധയിൽപെട്ടിരുന്നു.,,,
30362,"[0] ന്യൂഡൽഹി ∙ രാജ്യത്ത് 50,407 പേർക്കുകൂടി കോവിഡ് സ്ഥിരീകരിച്ചു
[1] ഇന്നലത്തേക്കാൾ 13 ശതമാനം കുറവാണിത്
[2] വെള്ളിയാഴ്ച 58,077 പേർക്കാണ് കോവിഡ് സ്ഥിരീകരിച്ചത്
[3] കഴിഞ്ഞ 24 മണിക്കൂറിനിടെ 14,50,532 സാംപിളുകൾ പരിശോധിച്ചു
[4] പ്രതിദിന പോസിറ്റിവിറ്റി നിരക്ക് 3.48 ശതമാനം
[5] പ്രതിവാര പോസിറ്റിവിറ്റി നിരക്ക് 5.07%","കഴിഞ്ഞ 24 മണിക്കൂറിനിടെ 14,50,532 സാംപിളുകൾ പരിശോധിച്ചു. ∙ രാജ്യത്ത് 50,407 പേർക്കുകൂടി കോവിഡ് സ്ഥിരീകരിച്ചു.",,,
78995,"[0] ദില്ലി: ദില്ലി എയിംസ് ആശുപത്രിയിലെ മുതിര്‍ന്ന ഡോക്ടര്‍ കോവിഡ് ബാധിച്ച് മരിച്ചു
[1] ശ്വാസകോശ വിഭാഗം ഡയറക്ടറായിരുന്ന ഡോ
[2] ജിതേന്ദ്രനാഥ് പാണ്ഡേയാണ് മരിച്ചത്
[3] എയിംസിലെ കോവിഡ് രോഗികളുടെ ചികിത്സി നടക്കുന്നത് ഇതേ വിഭാഗത്തിലാണ്
[4] രാജ്യതലസ്ഥാനത്തെ പ്രമുഖ ഡോക്ടറായ സംഗീത റെഡ്ഡിയാണ് ഡോ
[5] ജിതേന്ദ്രനാത് പാണ്ഡെ കോവിഡ് ബാധിച്ച് മരിച്ചതായി അറിയിച്ചത്
[6] നിരവധി ആരോഗ്യ പ്രവര്‍ത്തകര്‍ക്കാണ് ദില്ലിയില്‍ ഇതിനോടം കോവിഡ് പിടിപെട്ടിരിക്കുന്നത്
[7] രാജ്യത്തെ കോവിഡ് കേസുകളുടെ എണ്ണത്തില്‍ നാലാംസ്ഥാനത്താണ് ദില്ലി
[8] 12,319 പേര്‍ക്കാണ് ദില്ലിയില്‍ ഇതുവരെ കോവിഡ് സ്ഥിരീകരിച്ചത്
[9] 5897 പേര്‍ രോഗമുക്തി നേടിയപ്പോള്‍ ജീവന്‍ നഷ്ടമായത് 208 പേര്‍ക്കാണ്
[10] കഴിഞ്ഞ 24 മണിക്കൂറിനുള്ളില്‍ മാത്രം ദില്ലിയില്‍ 591 പേര്‍ക്കാണ് കോവിഡ് സ്ഥിരീകരിച്ചത്
[11] രോഗികളുടെ എണ്ണം വര്‍ധിച്ച സാഹചര്യത്തിൽ ദില്ലിയിലെ തീവ്ര ബാധിത മേഖലകളുടെ എണ്ണം 78 ൽ നിന്ന് 92 ആയി ഉയര്‍ന്നിട്ടുണ്ട്",രോഗികളുടെ എണ്ണം വർധിച്ച സാഹചര്യത്തിൽ ദില്ലിയിലെ തീവ്ര ബാധിത മേഖലകളുടെ എണ്ണം 78 ൽ നിന്ന് 92 ആയി ഉയർന്നിട്ടുണ്ട്. ദില്ലി എയിംസ് ആശുപത്രിയിലെ മുതിർന്ന ഡോക്ടർ കോവിഡ് ബാധിച്ച് മരിച്ചു.,,,
77403,"[0] ദില്ലി: ലോകത്തിലെ ധനികരുടെ പട്ടികയില്‍ രണ്ടാം സ്ഥാനക്കാരനായിരുന്ന ബില്‍ഗേറ്റ്‌സിനെയാണ് ഫ്രഞ്ച്കാരനായ അതിസമ്പന്നന്‍ ബെര്‍ണാഡ് ആര്‍നോള്‍ഡ് പിന്നിലാക്കിയിരിക്കുന്നത്
[1] ഏഴു വര്‍ഷങ്ങള്‍ക്ക് മുമ്പാണ് ലോകത്തിലെ ശതകോടീശ്വരന്‍മാരെ സൂചിപ്പിക്കുന്ന ബ്ലൂംബെര്‍ഗ്ഗ് ബില്ല്യണര്‍ ഇന്‍ഡക്‌സ് പുറത്തിറക്കിയത്
[2] അന്ന് മുതല്‍ രണ്ടാം സ്ഥാനം ബില്‍ഗേറ്റ്‌സിന് ആയിരുന്നു
[3] ആ കണക്കാണ് ഇപ്പോള്‍ മാറിയത്
[4] ആഡംബര വസ്തുക്കളുടെ നിര്‍മ്മാണ കമ്പിനി എല്‍ വി എം എച്ച ചീഫ് ഓപ്പറേറ്റിംഗ് ഓഫീസറാണ് ആര്‍നോള്‍ഡ്
[5] 108 ബില്യണ്‍ യു എസ് ഡോളറാണ് ശതകോടീശ്വര സൂചിക പ്രകാരം ആര്‍നോള്‍ഡിന്റെ ആസ്തി
[6] കഴിഞ്ഞവര്‍ഷം 39 ബില്യണ്‍ യു എസ് ഡോളറിന്റെ അധിക നേട്ടവും ആര്‍നോള്‍ഡ് നേടിയെന്ന് കണക്കുകള്‍ പറയുന്നു
[7] മൈക്രോസോഫ്റ്റ് സ്ഥാപകന്‍ ബില്‍ഗേറ്റ്‌സിന്റെ ആസ്തി 107 ബില്യണ്‍ കോടി യു എസ് ഡോളറാണ്
[8] ഫോര്‍ബ്‌സിന്റെ ശതകോടീശ്വരപ്പട്ടികയിലും ഇരുവരും സ്ഥാനം പിടിച്ചിട്ടുണ്ട്",ആഡംബര വസ്തുക്കളുടെ നിർമ്മാണ കമ്പിനി എൽ വി എം എച്ച ചീഫ് ഓപ്പറേറ്റിംഗ് ഓഫീസറാണ് ആർനോൾഡ്. കഴിഞ്ഞവർഷം 39 ബില്യൺ യു എസ് ഡോളറിന്റെ അധിക നേട്ടവും ആർനോൾഡ് നേടിയെന്ന് കണക്കുകൾ പറയുന്നു.,,,
89251,"[0] ദോഹ: മലയാളത്തിന്റെ മെഗാസ്റ്റാര്‍ മമ്മൂട്ടിക്ക് ഖത്തറിൽ ആദരം
[1] ഇന്ത്യന്‍ പ്രവാസി സമൂഹമാണ് ആദരം നൽകിയിരിക്കുന്നത്
[2] ഇന്ത്യന്‍ എംബസി എപ്പെക്‌സ് സംഘടനയായ ഇന്ത്യന്‍ കള്‍ചറല്‍ സെന്റിന്റെയായിരുന്നു ആദരം
[3] മമ്മൂട്ടിയ്ക്ക് സ്‌നേഹോപകാരം നല്‍കി ആദരിച്ചത് ഇന്ത്യന്‍ സ്ഥാനപതി ഡോ.ദീപക് മിത്താണ്
[4] അതേസമയം, ഐ സി സി പ്രസിഡന്റ് പി
[5] എന്‍
[6] ബാബുരാജന്‍, ഇന്ത്യന്‍ സ്ഥാനപതി ഡോ.ദീപക് മിത്തല്‍, എംബസി, ഐസിസി പ്രതിനിധികള്‍ എന്നിവര്‍ ചേര്‍ന്ന് ആണ് മമ്മൂട്ടിയെ സ്വീകരിച്ചത്","ബാബുരാജൻ, ഇന്ത്യൻ സ്ഥാനപതി ഡോ.ദീപക് മിത്തൽ, എംബസി, ഐസിസി പ്രതിനിധികൾ എന്നിവർ ചേർന്ന് ആണ് മമ്മൂട്ടിയെ സ്വീകരിച്ചത്. മമ്മൂട്ടിയ്ക്ക് സ്നേഹോപകാരം നൽകി ആദരിച്ചത് ഇന്ത്യൻ സ്ഥാനപതി ഡോ.ദീപക് മിത്താണ്.",,,
78713,"[0] കണ്ണൂര്‍: ജില്ലയിൽ പുതുതായി രണ്ടു പേര്‍ക്കു കൂടി കൊറോണ വൈറസ് രോഗ ബാധ സ്ഥിരീകരിച്ചതായി ജില്ലാ കളക്ടര്‍ ടി വി സുഭാഷ് അറിയിച്ചു
[1] രണ്ടുപേരും ആലക്കോട് കുടിയാന്‍മല സ്വദേശികളാണ്
[2] 60കാരനും 59കാരിയുമായ ഇരുവര്‍ക്കും സമ്പര്‍ക്കത്തിലൂടെയാണ് രോഗബാധയുണ്ടായത്
[3] രോഗ ലക്ഷണങ്ങളെ തുടര്‍ന്ന് ഏപ്രില്‍ 9-ന് കണ്ണൂര്‍ ഗവ
[4] മെഡിക്കല്‍ കോളേജില്‍ നിന്നാണ് ഇരുവരും സ്രവ പരിശോധനയ്ക്ക് വിധേയരായത്
[5] മാര്‍ച്ച് 29-ന് കൊറോണ ബാധ സ്ഥിരീകരിച്ച 35കാരന്റെ വീട്ടുകാരാണ് ഇരുവരും
[6] ദുബൈയില്‍ നിന്ന് മാര്‍ച്ച് 20-ന് നാട്ടിലെത്തിയ ഇദ്ദേഹം ഇപ്പോള്‍ കണ്ണൂര്‍ ഗവ
[7] മെഡിക്കല്‍ കോളേജില്‍ ചികിത്സയിലാണ്
[8] രണ്ടുപേര്‍ക്കു കൂടി രോഗബാധ സ്ഥിരീകരിച്ചതോടെ ജില്ലയില്‍ പോസിറ്റീവ് കേസുകളുടെ എണ്ണം 66 ആയി
[9] ഇവരില്‍ 37 പേര്‍ ഇതിനകം സുഖം പ്രാപിച്ച് ആശുപത്രി വിട്ടു
[10] ഇതിനിടെ സംസ്ഥാനത്ത് പുതുതായി ഏഴു പേര്‍ക്ക് കൂടി കോവിഡ് 19 സ്ഥിരീകരിച്ചതായി ആരോഗ്യ വകുപ്പ് മന്ത്രി കെ കെ ശൈലജ അറിയിച്ചിരുന്നു
[11] കാസര്‍ഗോഡ്- 3 പേര്‍ക്കും കണ്ണൂര്‍, മലപ്പുറം ജില്ലകളിലെ 2 പേര്‍ക്കുമാണ് രോഗം സ്ഥിരീകരിച്ചത്
[12] മലപ്പുറം ജില്ലയിലെ രണ്ടുപേര്‍ നിസാമുദ്ദീനില്‍ നിന്നും വന്നവരാണ്",ജില്ലയിൽ പുതുതായി രണ്ടു പേർക്കു കൂടി കൊറോണ വൈറസ് രോഗ ബാധ സ്ഥിരീകരിച്ചതായി ജില്ലാ കളക്ടർ ടി വി സുഭാഷ് അറിയിച്ചു. ഇതിനിടെ സംസ്ഥാനത്ത് പുതുതായി ഏഴു പേർക്ക് കൂടി കോവിഡ് 19 സ്ഥിരീകരിച്ചതായി ആരോഗ്യ വകുപ്പ് മന്ത്രി കെ കെ ശൈലജ അറിയിച്ചിരുന്നു.,,,
69104,"[0] ഷാര്‍ജ: സാഹിത്യ പ്രേമികള്‍ക്ക് വിരുന്നൊരുക്കി 35ാമത് ഷാര്‍ജ അന്താരാഷ്ട്ര പുസ്തകോത്സവം 2016 നവംബര്‍ 2 മുതല്‍ 12 വരെ ഷാര്‍ജ എക്‌സ്‌പോ സെന്ററില്‍ നടക്കും
[1] ഇന്ത്യയില്‍ നിന്നും കല, സാഹിത്യ, സാംസ്‌കാരിക രംഗത്തെ പ്രമുഖരുടെ സാന്നിധ്യം ഇക്കൊല്ലവും മേളക്ക് മുതല്‍ക്കൂട്ടാകും
[2] ജാവേദ് അക്തര്‍, കൈലാഷ് സത്യാര്‍ഥി, ചേതന്‍ ഭഗത്, ശശി തരൂര്‍, കനിഷ്‌ക് തരൂര്‍, എം .ടി
[3] വാസുദേവന്‍ നായര്‍, മമ്മൂട്ടി, കെ
[4] പി.രാമനുണ്ണി, എം.മുകുന്ദന്‍, സുഭാഷ് ചന്ദ്രന്‍, ബെന്യാമിന്‍, മുസാഫര്‍ അഹമ്മദ്, ശ്രീകുമാരന്‍ തമ്പി, സച്ചിദാനന്ദന്‍, മധുസൂദനന്‍ നായര്‍, പി
[5] എന്‍ .ഗോപീകൃഷ്ണന്‍, ഞെരളത് ഹരിഗോവിന്ദന്‍, എസ് .ഗോപാലകൃഷ്ണന്‍, ഗോപി കല്ലായി","സാഹിത്യ പ്രേമികൾക്ക് വിരുന്നൊരുക്കി 35ാമത് ഷാർജ അന്താരാഷ്ട്ര പുസ്തകോത്സവം 2016 നവംബർ 2 മുതൽ 12 വരെ ഷാർജ എക്സ്പോ സെന്ററിൽ നടക്കും. ഇന്ത്യയിൽ നിന്നും കല, സാഹിത്യ, സാംസ്കാരിക രംഗത്തെ പ്രമുഖരുടെ സാന്നിധ്യം ഇക്കൊല്ലവും മേളക്ക് മുതൽക്കൂട്ടാകും.",,,
61760,"[0] തുടര്‍ച്ചയായി മൂന്ന് തവണ തെരഞ്ഞെടുപ്പില്‍ വിജയിച്ച് വിസ്മയം സൃഷ്ടിച്ചിരുന്നു മാര്‍ഗരറ്റ് താച്ചര്‍
[1] 1979 മുതല്‍ 90 വരെ മൂന്നു തവണ ബ്രിട്ടീഷ് പ്രധാനമന്ത്രിയായിരുന്നു
[2] ബ്രിട്ടന്റെ ആദ്യ വനിതാ പ്രധാനമന്ത്രിയാണ്
[3] നഷ്ടത്തിലായിരുന്ന പൊതുമേഖലാ വ്യവസായങ്ങള്‍ സ്വകാര്യവത്ക്കരിക്കുക അടക്കമുള്ള സാമ്പത്തിക പരിഷ്‌കരണങ്ങള്‍ അവര്‍ നടപ്പില്‍ വരുത്തി
[4] താച്ചറിസം എന്നറിയപ്പെട്ട പ്രവര്‍ത്തന ശൈലിയില്‍ ആധുനിക ബ്രിട്ടനെ വാര്‍ത്തെടുക്കുന്നതില്‍ അവര്‍ നിര്‍ണായക പങ്ക് വഹിച്ചു
[5] സോവിയറ്റ് യൂണിയനോടുള്ള ശക്തമായ എതിര്‍പ്പിന്റെ പേരിലാണ് മാര്‍ഗരറ്റ് താച്ചറിനെ ഉരുക്കുവനിത എന്ന് വിളിച്ചുതുടങ്ങിയത്
[6] എന്നാല്‍ പിന്നീട് ആ കളിയാക്കല്‍ ബഹുമാനത്തിന്റെ സ്വരത്തിലേക്ക് മാറി
[7] നിശ്ചയദാര്‍ഢ്യവും ധൈര്യവും നിറഞ്ഞ നിലപാടുകളിലൂടെ അവര്‍ രാജ്യത്തെ മുന്നോട്ടുനയിച്ചു
[8] തൊഴിലാളി യൂണിയനുകളുടെ ശ്ക്തമായ എതിര്‍പ്പിനെ മറികടന്നായിരുന്നു പല താച്ചറിന്റെ പല പരിഷ്‌കാരങ്ങളും",താച്ചറിസം എന്നറിയപ്പെട്ട പ്രവർത്തന ശൈലിയിൽ ആധുനിക ബ്രിട്ടനെ വാർത്തെടുക്കുന്നതിൽ അവർ നിർണായക പങ്ക് വഹിച്ചു. സോവിയറ്റ് യൂണിയനോടുള്ള ശക്തമായ എതിർപ്പിന്റെ പേരിലാണ് മാർഗരറ്റ് താച്ചറിനെ ഉരുക്കുവനിത എന്ന് വിളിച്ചുതുടങ്ങിയത്.,,,
83751,"[0] കാസര്‍ഗോട്: ലീഗിനുള്ള ശോഭാ സുരേന്ദ്രന്‍റെ ക്ഷണം പൊതുവായ ചില താത്പര്യങ്ങൾ അവര്‍ക്കിടയിലുണ്ടെന്ന് വ്യക്തമാക്കുന്നതാണെന്ന് സിപിഎം നേതാവ് വിപിപി മുസ്തഫ
[1] ലീഗിനെ എന്‍ഡിഎയിലേക്ക് ചില ബിജെപി നേതാക്കൾ ക്ഷണിക്കുമ്പോൾ, അതിൽ നിന്നും മനസ്സിലാകുന്നത്, ചില പൊതുവായ താത്പര്യങ്ങൾ അവർക്കിടയിലുണ്ടെന്നാണ്
[2] അത് കേവലമൊരു പ്രസ്താവനയായി കാണേണ്ടതില്ല
[3] മുസ്ലിം ലീഗിനെയോ, ഇനി ജമാത്തെ ഇസ്ലാമിയെപ്പോലുമോ, ഒരു മുഖ്യശത്രുവായി ബിജെപി കാണുന്നില്ല എന്നാണ് അതിന്റെയർത്ഥമെന്നും അദ്ദേഹം ഫേസ്ബുക്കില്‍ കുറിക്കുന്നു
[4] വിപിപി മുസ്തഫയുടെ ഫേസ്ബുക്ക് കുറിപ്പിന്‍റെ പൂര്‍ണ്ണ രൂപം ഇങ്ങനെ.
[5] ലീഗും ബിജെപിയും വര്‍ഗ്ഗീയരാഷ്ട്രീയത്തിന്റെ","മുസ്ലിം ലീഗിനെയോ, ഇനി ജമാത്തെ ഇസ്ലാമിയെപ്പോലുമോ, ഒരു മുഖ്യശത്രുവായി ബിജെപി കാണുന്നില്ല എന്നാണ് അതിന്റെയർത്ഥമെന്നും അദ്ദേഹം ഫേസ്ബുക്കിൽ കുറിക്കുന്നു. ലീഗിനുള്ള ശോഭാ സുരേന്ദ്രൻറെ ക്ഷണം പൊതുവായ ചില താത്പര്യങ്ങൾ അവർക്കിടയിലുണ്ടെന്ന് വ്യക്തമാക്കുന്നതാണെന്ന് സിപിഎം നേതാവ് വിപിപി മുസ്തഫ.",,,
85697,"[0] എറണാകുളം: കോവിഡ് ചികിത്സയ്ക്കായി ജില്ലയില്‍ ഒഴിവുള്ളത് 3125 കിടക്കകള്‍
[1] കോവിഡ് രോഗികളുടെ ചികിത്സയ്ക്കായി ജില്ലയില്‍ വിവിധ വിഭാഗങ്ങളിലായി തയ്യാറാക്കിയ 5833 കിടക്കകളില്‍ 2708 പേര്‍ നിലവില്‍ ചികിത്സയിലുണ്ട്
[2] രോഗം സ്ഥിരീകരിച്ച് വീടുകളില്‍ നിരീക്ഷണത്തില്‍ കഴിയാന്‍ സാധിക്കാത്തവര്‍ക്കായി തയ്യാറാക്കിയ ഡൊമിസിലറി കെയര്‍ സെന്ററുകളിലായി 2863 കിടക്കകള്‍ സജ്ജമാക്കിയിട്ടുണ്ട്
[3] ഇവിടങ്ങളില്‍ 1045 പേര്‍ ചികിത്സയിലുണ്ട്
[4] ജില്ലയില്‍ ഇതുവരെ ഇത്തരം 69 കേന്ദ്രങ്ങള്‍ സജ്ജമാക്കിയിട്ടുണ്ട്
[5] ഇവിടങ്ങളില്‍ 1818 കിടക്കള്‍ ഒഴിവുണ്ട്
[6] ജില്ലയില്‍ ബി.പിസി.എല്‍, ടി.സി.എസ് എന്നീ സ്ഥാപനങ്ങള്‍ അവരുടെ ജീവനക്കാര്‍ക്കായി കോവിഡ് ഫസ്റ്റ് ലൈന്‍ ട്രീറ്റ്‌മെന്റ് സെന്ററുകളില്‍","ജില്ലയിൽ ബി.പിസി.എൽ, ടി.സി.എസ് എന്നീ സ്ഥാപനങ്ങൾ അവരുടെ ജീവനക്കാർക്കായി കോവിഡ് ഫസ്റ്റ് ലൈൻ ട്രീറ്റ്മെന്റ് സെന്ററുകളിൽ രോഗം സ്ഥിരീകരിച്ച് വീടുകളിൽ നിരീക്ഷണത്തിൽ കഴിയാൻ സാധിക്കാത്തവർക്കായി തയ്യാറാക്കിയ ഡൊമിസിലറി കെയർ സെന്ററുകളിലായി 2863 കിടക്കകൾ സജ്ജമാക്കിയിട്ടുണ്ട്.",,,
37845,"[0] അപ്രതീക്ഷിതമായി ഒരു ഷോപ്പിൽ വച്ച് ബോളിവുഡ് താരം രൺവീർ സിങ്ങിനെ കണ്ടെന്നിരിക്കട്ടെ
[1] എന്തു ചെയ്യും? ഓടിച്ചെന്ന് ഒരു ഹായ് പറയും
[2] സ്വയം പരിചയപ്പെടുത്തും
[3] അതുതന്നെയാണ് നടി ദേവിയും ചെയ്തത്
[4] സ്വയം പരിചയപ്പെടുത്തിയതിനു പുറമേ ദേവി അമ്മ ജലജയേയും പരിചയപ്പെടുത്തി
[5] സംഭവം കാനിൽ വച്ചായിരുന്നു",ഒരു ഷോപ്പിൽ വച്ച് ബോളിവുഡ് താരം രൺവീർ സിങ്ങിനെ കണ്ടെന്നിരിക്കട്ടെ. സ്വയം പരിചയപ്പെടുത്തിയതിനു പുറമേ ദേവി അമ്മ ജലജയേയും പരിചയപ്പെടുത്തി.,,,
71251,"[0] 'വേറ്റപ്പറ്റി'കൾ കുരച്ചുകൊണ്ടേയിരിക്കും
[1] അവർ ബി ജെ പിയെ എങ്ങനെയും തകർക്കാൻ നോക്കും
[2] ബി ജെ പിയുടെ എം പിയായ സുരേഷ് ഗോപിയുടെ കാറിന്റെ പേരിലാണ് സഖാക്കളുടെ പുതിയ പ്രചാരണം
[3] പയ്യന്നൂർ രെജിസ്ട്രേഷൻ കമ്മികൾ പോണ്ടിച്ചേരി രെജിസ്ട്രേഷനാക്കി കള്ളപ്രചാരണം നടത്തുന്ന ദേശദ്രോഹികളെ പ്രബുദ്ധ കേരളം തിരിച്ചറിയും
[4] പയ്യന്നൂർ പോണ്ടിച്ചേരിയാക്കി മാറ്റിയ കമ്മികളുടെ ഇത്തരം കള്ളപ്രചാരണങ്ങളിൽ വീഴാൻ സംഘപരിവാർ അനുയായികളുടെ തലച്ചോർ ചാണകമല്ല
[5] - സീരിയസായിട്ടാണോ എഴുതിയത് എന്നാരെങ്കിലും ചോദിച്ചാൽ ഉത്തരമില്ല
[6] പബ്ലിക് വോയിസ് എന്ന ഗ്രൂപ്പിൽ പോസ്റ്റിട്ടയാള്‍ സംഘിയാണോ എന്ന് പോലും ഉറപ്പില്ല
[7] എന്നാൽ സംഘികളെ നോക്കി ഇവിടെയും ദുരന്തം എന്ന് പറയുകയാണ് സോഷ്യൽ മീഡിയ
[8] കമന്റുകളിൽ ചിലത് കാണാം.",ബി ജെ പിയുടെ എം പിയായ സുരേഷ് ഗോപിയുടെ കാറിന്റെ പേരിലാണ് സഖാക്കളുടെ പുതിയ പ്രചാരണം. പയ്യന്നൂർ രെജിസ്ട്രേഷൻ കമ്മികൾ പോണ്ടിച്ചേരി രെജിസ്ട്രേഷനാക്കി കള്ളപ്രചാരണം നടത്തുന്ന ദേശദ്രോഹികളെ പ്രബുദ്ധ കേരളം തിരിച്ചറിയും.,,,
76017,"[0] താമരശ്ശേരി: നിരവധി മോഷണക്കേസുകളിൽ ഉൾപ്പെട്ട പ്രതി 14 വർഷത്തിന് ശേഷം പോലീസിന്റെ പിടിയിലായി
[1] പുതുപ്പാടി കക്കാട് നാക്കിലമ്പാട് കോളനിയിലെ ബാബു എന്ന കറുത്തുണ്ടി ബാബു(32) ആണ് പിടിയിലായത്
[2] ക്ഷേത്രങ്ങളിൽ കവർച്ച നടത്തിയതടക്കമുള്ള കേസുകളിൽ പ്രതിയായ ബാബുവിനെതിരെ അഞ്ചു വാറണ്ടുകൾ പുറപ്പെടുവിച്ചിട്ടുണ്ട്
[3] 2007 ഒക്ടോബർ 26 ന് കരികുളം അന്നപൂർണ്ണ ദേവി ക്ഷേത്രത്തിലെ ശ്രീകോവിലിന്റെ പൂട്ട് പൊളിച്ച് അകത്ത് കടന്ന് പണവും സാധനങ്ങളും കവർന്ന കേസിൽ ഇയാളെ പോലീസ് തെരഞ്ഞുവരികയായിരുന്നു
[4] 2007 ഡിസംബർ അഞ്ചിന് പുതുപ്പാടി കക്കാട് സ്വദേശി സ്റ്റീഫന്റെ എസ്റ്റേറ്റിൽ നിന്നും റബർ ഷീറ്റുകൾ മോഷ്ടിച്ചതിനും ബാബുവിനെതിരേ താമരശ്ശേരി പോലീസ് സ്‌റ്റേഷനിൽ കേസ് നിലവിലുണ്ട്
[5] കൂടാതെ ബാലുശ്ശേരി, മുക്കം, കോടഞ്ചേരി, അത്തോളി സ്‌റ്റേഷനുകളിലും അമ്പലങ്ങൾ കുത്തിത്തുറന്ന് കവർച്ച നടത്തിയതിലും ഭണ്ഡാരത്തിലെ പണം മോഷ്ടിച്ചതിനും ഇയാൾക്കെതിരെ കേസുകൾ നിലവിലുണ്ടെന്ന് പോലീസ് അറിയിച്ചു",2007 ഒക്ടോബർ 26 ന് കരികുളം അന്നപൂർണ്ണ ദേവി ക്ഷേത്രത്തിലെ ശ്രീകോവിലിന്റെ പൂട്ട് പൊളിച്ച് അകത്ത് കടന്ന് പണവും സാധനങ്ങളും കവർന്ന കേസിൽ ഇയാളെ പോലീസ് തെരഞ്ഞുവരികയായിരുന്നു. 2007 ഡിസംബർ അഞ്ചിന് പുതുപ്പാടി കക്കാട് സ്വദേശി സ്റ്റീഫന്റെ എസ്റ്റേറ്റിൽ നിന്നും റബർ ഷീറ്റുകൾ മോഷ്ടിച്ചതിനും ബാബുവിനെതിരേ താമരശ്ശേരി പോലീസ് സ്റ്റേഷനിൽ കേസ് നിലവിലുണ്ട്.,,,
62106,"[0] ശിവലിംഗത്തിന് 1.5 ലക്ഷം രൂപ വില വരും
[1] മോഷ്ടിക്കപ്പെട്ടവയില്‍ ഏറ്റവും വിലകൂടിയ വസ്തുവായിരുന്നു ശിവ ലിംഗം
[2] എന്നിട്ടും മോഷ്ടാക്കള്‍ ഇത് ഉപേക്ഷിക്കണമെങ്കില്‍ അവര്‍ക്ക് കുറ്റബോധം ഉണ്ടായതാകാം കാരണമെന്ന് പൊലീസ് പറയുന്നു
[3] ഒട്ടേറെ ആരാധകര്‍ വന്ന് പോകുന്ന ക്ഷേത്രമാണ് മോഷണത്തിന് ഇരയായത്
[4] ഇത് വരേയും പ്രതികളെ ഒന്നും പിടികൂടിയിട്ടില്ല
[5] സംഭവം നടക്കുന്ന ദിവസം രാത്രി 9.30 ന് ക്ഷേത്രം അടച്ചിരുന്നു, രാവിലെ 3.30 ന് അമ്പലം തുറക്കുമ്പോഴാണ് മോഷണം നടന്ന വിവരം പൂജാരി അറിയുന്നത്
[6] എന്തായാലും തങ്ങള്‍ ആരാധിക്കുന്ന ദൈവത്തിന്റെ ശക്തി കൊണ്ടാണ് വിഗ്രഹം തിരിച്ച് കിട്ടിയെതെന്നാണ് വിശ്വസികള്‍ പറയുന്നത്","സംഭവം നടക്കുന്ന ദിവസം രാത്രി 9.30 ന് ക്ഷേത്രം അടച്ചിരുന്നു, രാവിലെ 3.30 ന് അമ്പലം തുറക്കുമ്പോഴാണ് മോഷണം നടന്ന വിവരം പൂജാരി അറിയുന്നത്. എന്തായാലും തങ്ങൾ ആരാധിക്കുന്ന ദൈവത്തിന്റെ ശക്തി കൊണ്ടാണ് വിഗ്രഹം തിരിച്ച് കിട്ടിയെതെന്നാണ് വിശ്വസികൾ പറയുന്നത്.",,,
62705,"[0] മിയാമി: വിമാനത്തില്‍ നിന്ന് യാത്രക്കാരന്‍ കടലിലേയ്ക്ക് വീണെന്ന് യുഎസ് പൈലറ്റ്.മിയാമിയ്ക്കടുത്ത് കടലിലേയ്ക്ക് യാത്രക്കാരന്‍ വീണെന്നാണ് യുഎസ് പൈലറ്റ് നല്‍കുന്ന മൊഴി
[1] 609 മീററര്‍ ഉയരത്തില്‍ ആയിരുന്ന വിമാനത്തില്‍ നിന്നാണ് യാത്രക്കാരന്‍ വീണതെന്ന് പൈലറ്റ് പറയുന്നു
[2] നവംബര്‍ 14 വ്യാഴാഴ്ചയാണ് ഫെഡറല്‍ ഏവിയേഷന് അപകടവാര്‍ത്ത കിട്ടുന്നത്
[3] യാത്രക്കാരന്‍ താഴേയ്ക്ക് വീണ കാര്യം ഫെഡറല്‍ ഏവിയേഷന്‍ അഡ്മിനിസ്‌ട്രേഷന്‍ വക്താവ് കാത്‌ലീന്‍ ബെര്‍ഗന്‍ പറഞ്ഞു
[4] വ്യാഴാഴ്ച ഉച്ചയ്ക്കായിരുന്നു സംഭവം
[5] ചെറു വിമാനത്തിന്റെ വാതിലിലൂടെയാണ് യാത്രക്കാരന്‍ താഴേയ്ക്ക് വീണതെന്നാണ് പൈലറ്റ് പറയുന്നത്
[6] മിയാമി എക്‌സിക്യൂട്ടീവ് എയര്‍പോര്‍ട്ട് പരിസരത്ത് മിയാമി കോസ്റ്റ് ഗാര്‍ഡും, അഗ്നിശമന സേനാംഗങ്ങളും പരിശോധന നടത്തി","മിയാമി എക്സിക്യൂട്ടീവ് എയർപോർട്ട് പരിസരത്ത് മിയാമി കോസ്റ്റ് ഗാർഡും, അഗ്നിശമന സേനാംഗങ്ങളും പരിശോധന നടത്തി. വിമാനത്തിൽ നിന്ന് യാത്രക്കാരൻ കടലിലേയ്ക്ക് വീണെന്ന് യുഎസ് പൈലറ്റ്.മിയാമിയ്ക്കടുത്ത് കടലിലേയ്ക്ക് യാത്രക്കാരൻ വീണെന്നാണ് യുഎസ് പൈലറ്റ് നൽകുന്ന മൊഴി.",,,
62164,"[0] ദുബായ്: അല്‍ ബര്‍ഷയില്‍ കാര്‍ ഹോട്ടലിന്റെ റെസ്‌റ്റോറണ്ടിലേക്ക് ഇടിച്ചുകയറിയതിനെ തുടര്‍ന്ന് മൂന്നു പേര്‍ കൊല്ലപ്പെട്ടു
[1] രണ്ട് ഹോട്ടല്‍ ജീവനക്കാരനും ഒരു വഴിയാത്രക്കാരനുമാണ് കൊല്ലപ്പെട്ടത്
[2] കാര്‍ ഓടിച്ചിരുന്നയാള്‍ക്ക് പരിക്കൊന്നുമേറ്റിട്ടില്ല
[3] അതേ സമയം കാറിലുണ്ടായിരുന്ന ബ്രസീലിയന്‍ വംശജയായ യുവതിക്ക് ചെറിയ തോതില്‍ പരിക്കേറ്റതായി എമിറേറ്റ് പോര്‍ട്ടല്‍ റിപ്പോര്‍ട്ട് ചെയ്യുന്നു
[4] ഡ്രൈവറടക്കം ബാക്കിയുള്ള യാത്രക്കാരെല്ലാം അംഗോളയില്‍ നിന്നുള്ളവരാണെന്ന് തെളിഞ്ഞിട്ടുണ്ട്
[5] മരിച്ച മൂന്നു പേരും ഏഷ്യന്‍ വംശജരാണ്",അതേ സമയം കാറിലുണ്ടായിരുന്ന ബ്രസീലിയൻ വംശജയായ യുവതിക്ക് ചെറിയ തോതിൽ പരിക്കേറ്റതായി എമിറേറ്റ് പോർട്ടൽ റിപ്പോർട്ട് ചെയ്യുന്നു. അൽ ബർഷയിൽ കാർ ഹോട്ടലിന്റെ റെസ്റ്റോറണ്ടിലേക്ക് ഇടിച്ചുകയറിയതിനെ തുടർന്ന് മൂന്നു പേർ കൊല്ലപ്പെട്ടു.,,,
8576,"[0] കോട്ടയം∙ കൂരാലിയിൽ ആക്രി സാധനങ്ങൾ കയറ്റി വന്ന മിനിലോറി ഓട്ടത്തിനിടയിൽ കത്തി നശിച്ചു
[1] ഡ്രൈവറും സഹായിയും ഓടി രക്ഷപ്പെട്ടു
[2] തീ പടർന്ന ലോറി നിമിഷങ്ങൾക്കുള്ളിൽ കത്തി നശിച്ചു
[3] ഡ്രൈവർ പാലക്കാട് പട്ടാമ്പി കാരക്കാട് കല്ലത്താനിക്കൽ ഹമീദ്, ഒപ്പമുണ്ടായിരുന്ന ബന്ധു കല്ലത്താനിക്കൽ ബഷീർ എന്നിവരാണ് ഇറങ്ങിയോടി രക്ഷപ്പെട്ടത്
[4] ഷോർട്ട് സർക്യൂട്ടാണ് കാരണമെന്ന് പൊലീസ് പറയുന്നു
[5] കാഞ്ഞിരപ്പള്ളിയിൽ നിന്നു ആക്രി സാധനങ്ങൾ കയറ്റി ഏറ്റുമാനൂർ വഴി പട്ടാമ്പിക്കു പോകുകയായിരുന്നു ലോറി","ഡ്രൈവർ പാലക്കാട് പട്ടാമ്പി കാരക്കാട് കല്ലത്താനിക്കൽ ഹമീദ്, ഒപ്പമുണ്ടായിരുന്ന ബന്ധു കല്ലത്താനിക്കൽ ബഷീർ എന്നിവരാണ് ഇറങ്ങിയോടി രക്ഷപ്പെട്ടത്. കാഞ്ഞിരപ്പള്ളിയിൽ നിന്നു ആക്രി സാധനങ്ങൾ കയറ്റി ഏറ്റുമാനൂർ വഴി പട്ടാമ്പിക്കു പോകുകയായിരുന്നു ലോറി.",,,
65323,"[0] ഇന്ന് 2014 ഡിസംബര്‍ 30
[1] പുതുവര്‍ഷം പടിവാതില്‍ക്കല്‍ എത്തി നില്‍ക്കുകയാണ്
[2] പുതുവര്‍ഷത്തെ പ്രതീക്ഷയോടെ വരവേല്‍ക്കാനൊരുങ്ങി നില്‍ക്കുകയാണ് ലോകം
[3] പ്രതീക്ഷകള്‍ക്കൊപ്പം തന്നെ 2014 ലെ ചില ദുരന്തങ്ങളെ കൂടി നമുക്ക് ഓര്‍ത്തെടുത്താലോ
[4] ഈ ദുരന്ത കാഴ്ചകള്‍ 2015 ല്‍ ആവര്‍ത്തിയ്ക്കാതിരിയ്ക്കട്ടേ
[5] പ്രകൃതി ദുരന്തങ്ങളുടെ പ്രത്യേകിച്ച് പ്രളയത്തിന്റെയും കൊടുങ്കാറ്റിന്റെയും വര്‍ഷമായിരുന്നു 2014
[6] ഓര്‍ത്തെടുക്കാം നമ്മെ ഞെട്ടിച്ച് വേദനിപ്പിച്ച ആ ദുരന്തങ്ങളെ.",പ്രതീക്ഷകൾക്കൊപ്പം തന്നെ 2014 ലെ ചില ദുരന്തങ്ങളെ കൂടി നമുക്ക് ഓർത്തെടുത്താലോ. പ്രകൃതി ദുരന്തങ്ങളുടെ പ്രത്യേകിച്ച് പ്രളയത്തിന്റെയും കൊടുങ്കാറ്റിന്റെയും വർഷമായിരുന്നു 2014.,,,
84178,"[0] കുറ്റ്യാടി: കുറ്റ്യാടി മണ്ഡലം ഘടകക്ഷിയാ കേരള കോണ്‍ഗ്രസ് എമ്മിന് വിട്ടുനല്‍കാനുള്ള നീക്കത്തെ തുടര്‍ന്ന് പ്രവര്‍ത്തകര്‍ നടത്തിയ പരസ്യ പ്രതിഷേധങ്ങളെ തള്ളി സിപിഎം നേതാവ് ഏരിയ കമ്മിറ്റിയംഗം കെ.പി
[1] കുഞ്ഞമ്മദ് കുട്ടി
[2] കുറ്റ്യാടിയിൽ നടന്നത് പാർട്ടി അച്ചടക്ക ലംഘനമാണെന്നും ഏതാനും പ്രവർത്തകർ തന്‍റെ പേരിൽ മുദ്രാവാക്യം വിളിച്ചത് പാർട്ടിയുടെ പൊതുവികാരമായി കണക്കാക്കാന്‍ കഴിയില്ലെന്നും അദ്ദേഹം പറഞ്ഞു
[3] കെപി കുഞ്ഞമ്മദ് കുട്ടിയെ സ്ഥാനാര്‍ത്ഥിയാക്കണമെന്ന് ആവശ്യപ്പെട്ടായിരുന്നു കുറ്റ്യാടിയില്‍ കഴിഞ്ഞ ദിവസം സിപിഎം പ്രവര്‍ത്തകര്‍ പരസ്യ പ്രതിഷേധം നടത്തിയത്
[4] ഇതേ തുടര്‍ന്നാണ് വിശദീകരണവുമായി കുഞ്ഞമ്മദ് കുട്ടി തന്നെ രംഗത്ത് എത്തിയത്
[5] അദ്ദേഹം പുറത്തിറക്കിയ വിശദീകരണ കുറിപ്പിന്‍റെ പൂര്‍ണ്ണ രൂപം ഇങ്ങനെ.
[6] കുറ്റ്യാടി നിയോജക മണ്ഡലം കേരള കോൺഗ്രസ് (എം) ന് വിട്ടു നൽകി എന്ന വാർത്തയുടെ അടിസ്ഥാനത്തിൽ ഇടതുപക്ഷ ജനാധിപത്യമുന്നണിക്കെതിരെ ചില വ്യക്തികളും വിഭാഗങ്ങളും എൻ്റെ പേരും ഫോട്ടോയും ഉപയോഗിച്ചു നടത്തുന്ന പ്രചരണങ്ങൾ അവസാനിപ്പിക്കണമെന്ന് അഭ്യർത്ഥിക്കുന്നു
[7] അത്തരം പ്രചരണങ്ങളിൽ നിന്നും പ്രകടനങ്ങളിൽ നിന്നും പാർടി പ്രവർത്തകരും അഭ്യുദയകാംക്ഷികളും വിട്ടു നിൽക്കണമെന്നും അഭ്യർത്ഥിക്കുന്നു",അദ്ദേഹം പുറത്തിറക്കിയ വിശദീകരണ കുറിപ്പിൻറെ പൂർണ്ണ രൂപം ഇങ്ങനെ.. കുറ്റ്യാടി നിയോജക മണ്ഡലം കേരള കോൺഗ്രസ് (എം) ന് വിട്ടു നൽകി എന്ന വാർത്തയുടെ അടിസ്ഥാനത്തിൽ ഇടതുപക്ഷ ജനാധിപത്യമുന്നണിക്കെതിരെ ചില വ്യക്തികളും വിഭാഗങ്ങളും എൻ്റെ പേരും ഫോട്ടോയും ഉപയോഗിച്ചു നടത്തുന്ന പ്രചരണങ്ങൾ അവസാനിപ്പിക്കണമെന്ന് അഭ്യർത്ഥിക്കുന്നു. കുറ്റ്യാടി മണ്ഡലം ഘടകക്ഷിയാ കേരള കോൺഗ്രസ് എമ്മിന് വിട്ടുനൽകാനുള്ള നീക്കത്തെ തുടർന്ന് പ്രവർത്തകർ നടത്തിയ പരസ്യ പ്രതിഷേധങ്ങളെ തള്ളി സിപിഎം നേതാവ് ഏരിയ കമ്മിറ്റിയംഗം കെ.പി.,,,
64299,"[0] ദില്ലി: ആം ആദ്മി പാര്‍ട്ടിയുടെ ഗ്ലാമര്‍ മുഖമായിരുന്ന ജേര്‍ണലിസ്റ്റ് ഷാസിയ ഇല്‍മി കോണ്‍ഗ്രസ് പാര്‍ട്ടിയില്‍ ചേരാന്‍ ഒരുങ്ങുന്നു
[1] നിയമസഭ തിരഞ്ഞെടുപ്പിന് മുമ്പായി ഷാസിയ കോണ്‍ഗ്രസിലെത്തും എന്നാണ് ദില്ലി റിപ്പോര്‍ട്ടുകള്‍
[2] എ എ പിയുടെ ആദ്യകാല നേതാക്കളില്‍ പ്രമുഖയായിരുന്ന ഷാസിയ പാര്‍ട്ടിയില്‍ ജനാധിപത്യമില്ല എന്നാരോപിച്ച് കഴിഞ്ഞ മെയ് മാസത്തിലാണ് ആം ആദ്മി പാര്‍ട്ടി വിട്ടത്
[3] നാല് വര്‍ഷം ഞാന്‍ പാര്‍ട്ടിക്ക് വേണ്ടി അച്ചടക്കത്തോടെ പ്രവര്‍ത്തിച്ചു
[4] എന്നാല്‍ ഇപ്പോള്‍ താന്‍ ഒറ്റപ്പെട്ടിരിക്കുകയാണ്
[5] ക്രിയാത്മകമായ വിമര്‍ശനം നടത്തി എന്നും സത്യസന്ധമായ അഭിപ്രായം പറഞ്ഞു എന്നതുമാണ് താന്‍ ചെയ്ത തെറ്റ് - പാര്‍ട്ടിയില്‍ നിന്നും രാജിവെച്ചുകൊണ്ട് ഇല്‍മി പറഞ്ഞത് ഇങ്ങനെയാണ്
[6] ആപ്പ് വിട്ട ശേഷം ഷാസിയ ഇല്‍മി കോണ്‍ഗ്രസ് പാര്‍ട്ടി നേതാക്കളുമായി അടുത്ത ബന്ധം പുലര്‍ത്തി വരികയാണ് എന്നാണ് റിപ്പോര്‍ട്ട്",ക്രിയാത്മകമായ വിമർശനം നടത്തി എന്നും സത്യസന്ധമായ അഭിപ്രായം പറഞ്ഞു എന്നതുമാണ് താൻ ചെയ്ത തെറ്റ് - പാർട്ടിയിൽ നിന്നും രാജിവെച്ചുകൊണ്ട് ഇൽമി പറഞ്ഞത് ഇങ്ങനെയാണ്. എ എ പിയുടെ ആദ്യകാല നേതാക്കളിൽ പ്രമുഖയായിരുന്ന ഷാസിയ പാർട്ടിയിൽ ജനാധിപത്യമില്ല എന്നാരോപിച്ച് കഴിഞ്ഞ മെയ് മാസത്തിലാണ് ആം ആദ്മി പാർട്ടി വിട്ടത്.,,,
33157,"[0] വരാനുണ്ടോ? പെട്രോളിന്റെയും ഡീസലിന്റെയും എക്സൈസ് നികുതി വെട്ടിക്കുറച്ച കേന്ദ്രസർക്കാർ തീരുമാനത്തിനു പിന്നാലെ ഉയർന്നുകേട്ട ചോദ്യമായിരുന്നു ഇത്
[1] ഇന്ധന വിലവർധനയിൽ നട്ടംതിരിഞ്ഞ, കേന്ദ്രസർക്കാർ തീരുമാനത്തിന്റെ ഏറ്റവും വലിയ ഗുണഭോക്താക്കളായ സാധാരണക്കാർ മുതൽ ട്രോളുൽപാദകർ വരെ ആ ചോദ്യം ചോദിച്ചു
[2] കാരണം വ്യക്തമായിരുന്നു
[3] അത്രയ്ക്ക് അപ്രതീക്ഷിതമായിരുന്നു സർക്കാർ നടപടി
[4] ആരും പ്രതീക്ഷിക്കാത്ത സമയത്ത്, കേന്ദ്ര ധനമന്ത്രി നിർമല സീതാരാമന്റെ കണക്കുപ്രകാരം തന്നെ വർഷം ഒരു ലക്ഷം കോടി രൂപ സർക്കാരിനു നഷ്ടമുണ്ടാക്കുന്ന തീരുമാനത്തിലേക്കു വരാൻ സർക്കാരിനെ പ്രേരിപ്പിച്ചതെന്തെന്ന ചോദ്യം സ്വാഭാവികമായും ഉയരും
[5] അതിനു വ്യക്തമായ മറുപടിയുണ്ട്
[6] വിലക്കയറ്റം പിടിച്ചുനിർത്തുക– ആ ഒരൊറ്റ ലക്ഷ്യത്തിലേക്കുള്ള ഏറ്റവും ഫലപ്രദവും നേരിട്ടുള്ളതുമായി നടപടിയാണിത്","ആരും പ്രതീക്ഷിക്കാത്ത സമയത്ത്, കേന്ദ്ര ധനമന്ത്രി നിർമല സീതാരാമന്റെ കണക്കുപ്രകാരം തന്നെ വർഷം ഒരു ലക്ഷം കോടി രൂപ സർക്കാരിനു നഷ്ടമുണ്ടാക്കുന്ന തീരുമാനത്തിലേക്കു വരാൻ സർക്കാരിനെ പ്രേരിപ്പിച്ചതെന്തെന്ന ചോദ്യം സ്വാഭാവികമായും ഉയരും. ഇന്ധന വിലവർധനയിൽ നട്ടംതിരിഞ്ഞ, കേന്ദ്രസർക്കാർ തീരുമാനത്തിന്റെ ഏറ്റവും വലിയ ഗുണഭോക്താക്കളായ സാധാരണക്കാർ മുതൽ ട്രോളുൽപാദകർ വരെ ആ ചോദ്യം ചോദിച്ചു.",,,
88159,"[0] ദുബായ്: അതിവേഗം മാറ്റങ്ങള്‍ക്ക് വിധേയമായ രാജ്യമാണ് യുഎഇ
[1] ബ്രിട്ടീഷ് അധികാരത്തിന് കീഴിലായിരുന്ന കാലത്ത് കൊച്ചു കൂടാരങ്ങള്‍ മാത്രം കണ്ടിരുന്ന ഈ നാട്ടില്‍ എണ്ണ കണ്ടെത്തിയതോടെയാണ് മാറ്റം പ്രകടമായത്
[2] തദ്ദേശീയര്‍ വളരെ കുറവുള്ള യുഎഇയില്‍ എണ്ണ കണ്ടെത്തിയതോടെ മലയാളികള്‍ ഉള്‍പ്പെടെയുള്ളവരുടെ കുടിയേറ്റം അതിവേഗമായി
[3] കപ്പലിലും ലോഞ്ചിലും ജീവിതം പച്ച പിടിപ്പിക്കാന്‍ എത്തിയ പ്രവാസികള്‍ ഈ മരുപ്രദേശത്തിന്റെ രൂപ മാറ്റത്തില്‍ വഹിച്ച പങ്ക് ചെറുതല്ല
[4] അതുകൊണ്ടുതന്നെയാണ് എക്കാലത്തും പ്രവാസികളെ ചേര്‍ത്ത് പിടിച്ചാണ് യുഎഇ മുന്നോട്ട് പോകുന്നത്
[5] ഇന്ന് കൂറ്റന്‍ കെട്ടിടങ്ങളുടെ നാടാണ് യുഎഇ
[6] അത്ഭുതങ്ങള്‍ ഒട്ടേറെയുള്ള മണ്ണ്
[7] ഡിസംബര്‍ 2ന് 50 വയസ് തികയുന്ന യുഎഇയെ കുറിച്ച് വ്യത്യസ്തമായ ചില കാര്യങ്ങള്‍ പറയാം...",കപ്പലിലും ലോഞ്ചിലും ജീവിതം പച്ച പിടിപ്പിക്കാൻ എത്തിയ പ്രവാസികൾ ഈ മരുപ്രദേശത്തിന്റെ രൂപ മാറ്റത്തിൽ വഹിച്ച പങ്ക് ചെറുതല്ല. ബ്രിട്ടീഷ് അധികാരത്തിന് കീഴിലായിരുന്ന കാലത്ത് കൊച്ചു കൂടാരങ്ങൾ മാത്രം കണ്ടിരുന്ന ഈ നാട്ടിൽ എണ്ണ കണ്ടെത്തിയതോടെയാണ് മാറ്റം പ്രകടമായത്.,,,
68164,"[0] വാഷിംഗ്ടണ്‍: ഭീകരവാദമാണ് ലോകം നേരിടുന്ന പ്രധാനവെല്ലുവിളിയെന്ന് പ്രധാനമന്ത്രി നരേന്ദ്രമോദി
[1] ഭീകരതയെ മതവുമായി കൂട്ടിച്ചേര്‍ക്കുന്നവരെയും അതിര്‍ത്തി കടന്നുള്ള ഭീകരതയെ ഭീകരതെ പിന്തുണക്കുന്നവരെയും ഒറ്റപ്പെടുത്തണമെന്നും മോദി ആവശ്യപ്പെട്ടു
[2] അമേരിക്കന്‍ പാര്‍ലമെന്റിന്റെ സംയുക്ത സമ്മേളനത്തെ അഭിസംബോധന ചെയ്ത് സംസാരിക്കുകയായിരുന്നു അദ്ദേഹം
[3] അഞ്ച് വിദേശരാജ്യങ്ങള്‍ സന്ദര്‍ശിക്കുന്നതിന്റെ ഭാഗമായി അമേരിക്കയില്‍ എത്തിയതായിരുന്നു മോദി
[4] ലോകം ഇന്ന് നേരിടുന്ന വെല്ലുവിളി ഭീകരതയാണെന്നും ഭീകരതയെ പിന്തുണക്കുന്നവരെ ഒറ്റപ്പെടുത്തണമെന്നും ആഹ്വാനം ചെയ്ത മോദി ഇന്ത്യയുടെ അയല്‍രാജ്യം ഭീകരത വളര്‍ത്തുന്നതില്‍ സുപ്രധാന പങ്കുവഹിക്കുന്നുണ്ടെന്ന് പാകിസ്താന്റെയോ ചൈനയുടേയോ പേര് പരാമര്‍ശിക്കാതെ കൂട്ടിച്ചേര്‍ത്ത മോദി മുംബൈ ഭീകരാക്രമണത്തിന്റെ സമയത്ത് ഇന്ത്യയ്ക്ക് നല്‍കിയ പിന്തുണയില്‍ അമേരിക്കയെ കണക്കറ്റ് അഭിന്ദിക്കുകയും ചെയ്തു
[5] രാഷ്ട്രീയ നേട്ടങ്ങള്‍ക്ക് വേണ്ടി ഭീകരതയെ കൂട്ടുപിടിക്കുന്ന നയത്തിനെതിരെ അമേരിക്കന്‍ കോണ്‍ഗ്ര് വ്യക്തമായ സന്ദേശം നല്‍കണമെന്നും അദ്ദേഹം അദ്ദേഹം ആവശ്യപ്പെട്ടു",ലോകം ഇന്ന് നേരിടുന്ന വെല്ലുവിളി ഭീകരതയാണെന്നും ഭീകരതയെ പിന്തുണക്കുന്നവരെ ഒറ്റപ്പെടുത്തണമെന്നും ആഹ്വാനം ചെയ്ത മോദി ഇന്ത്യയുടെ അയൽരാജ്യം ഭീകരത വളർത്തുന്നതിൽ സുപ്രധാന പങ്കുവഹിക്കുന്നുണ്ടെന്ന് പാകിസ്താന്റെയോ ചൈനയുടേയോ പേര് പരാമർശിക്കാതെ കൂട്ടിച്ചേർത്ത മോദി മുംബൈ ഭീകരാക്രമണത്തിന്റെ സമയത്ത് ഇന്ത്യയ്ക്ക് നൽകിയ പിന്തുണയിൽ അമേരിക്കയെ കണക്കറ്റ് അഭിന്ദിക്കുകയും ചെയ്തു. രാഷ്ട്രീയ നേട്ടങ്ങൾക്ക് വേണ്ടി ഭീകരതയെ കൂട്ടുപിടിക്കുന്ന നയത്തിനെതിരെ അമേരിക്കൻ കോൺഗ്ര് വ്യക്തമായ സന്ദേശം നൽകണമെന്നും അദ്ദേഹം അദ്ദേഹം ആവശ്യപ്പെട്ടു.,,,
86970,"[0] ഗുവാഹത്തി: അസം നിയമസഭാ തിരഞ്ഞെടുപ്പിൽ കോൺഗ്രസിനെ മറികടന്ന് ബിജെപി അധികാരമുറപ്പിച്ചെങ്കിലും ഉപതിരഞ്ഞെടുപ്പ് ലക്ഷ്യമിട്ട് നീങ്ങുകയാണ് കോൺഗ്രസ്
[1] ഇതിന്റെ മുന്നോടിയായി ഈ വർഷം അവസാനം നടക്കാനിരിക്കുന്ന ഉപതിരഞ്ഞെടുപ്പിൽ പ്രതിപക്ഷ പാർട്ടികൾക്കൊപ്പം പോരാട്ടം ശക്തമാക്കുന്നതിനുള്ള ശ്രമങ്ങളാണ് കോൺഗ്രസ് നടത്തുന്നത്
[2] ഇതിന്റെ സാധ്യതകൾ വിലയിരുത്തുന്നതിന് വേണ്ടി അസം കോൺഗ്രസ് അധ്യക്ഷൻ ഭൂപൻ ബോറ റെയ്ജോർ ദൾ മേധാവി അഖിൽ ഗോഗോയിയുമായി ഇന്ന് കൂടിക്കാഴ്ച നടത്തിയിരുന്നു
[3] ഗോഗോയിയുടെ മണ്ഡലമായ ശിവ് സാഗറിൽ തിങ്കളാഴ്ചത്തെ ചർച്ചകൾ രാത്രി വൈകിയും തുടരുകയായിരുന്നു
[4] വരും ദിവസങ്ങളിലും ചർച്ചകൾ തുടരുമെന്നാണ് മാധ്യമറിപ്പോർട്ടുകൾ സൂചിപ്പിക്കുന്നത്
[5] കോൺഗ്രസും അഖിൽ ഗോഗോയിയുടെ റെയ്ജോർ ദളും ബിജെപിയുടെ ഭിന്നിപ്പിക്കൽ നയങ്ങൾക്ക് എതിരാണ്
[6] ഭാവിയിൽ ഞങ്ങൾ എങ്ങനെയാണ് ബിജെപി ക്യാമ്പിനെതിരായി പോരാടുകയെന്നാണ് ഞങ്ങൾ ചർച്ച ചെയ്തത്"" കൂടിക്കാഴ്ചയ്ക്ക് ശേഷം ബോറ മാധ്യമങ്ങളോട് പറഞ്ഞു
[7] സംസ്ഥാന സർക്കാരിന്റെ ജനവിരുദ്ധ തീരുമാനങ്ങൾക്കെതിരെ ശബ്ദമുയർത്താൻ നിയമസഭയ്ക്കുള്ളിൽ കോൺഗ്രസുമായി കൈകോർത്തതിന് ശിവസാഗറിൽ നിന്നുള്ള സ്വതന്ത്ര എംഎൽഎയായ ഗൊഗോയിയെ അദ്ദേഹം അഭിനന്ദിക്കുകയും ചെയ്തു
[8] ""നേരത്തെ, ഞങ്ങൾ ബിജെപിക്കെതിരെ ഒന്നിക്കാൻ ശ്രമിച്ചിരുന്നു, ഭാവിയിൽ ഞങ്ങൾ വീണ്ടും ശ്രമം തുടരുമെന്നും"" അദ്ദേഹം പറഞ്ഞു
[9] അതേസമയം, രണ്ട് ബിജെപി വിരുദ്ധ കക്ഷികൾ ദീർഘകാലത്തേക്ക് ഒന്നിക്കണമെന്നാണ് ഗൊഗോയിയുടെ പ്രതികരണം",ഇതിന്റെ സാധ്യതകൾ വിലയിരുത്തുന്നതിന് വേണ്ടി അസം കോൺഗ്രസ് അധ്യക്ഷൻ ഭൂപൻ ബോറ റെയ്ജോർ ദൾ മേധാവി അഖിൽ ഗോഗോയിയുമായി ഇന്ന് കൂടിക്കാഴ്ച നടത്തിയിരുന്നു. സംസ്ഥാന സർക്കാരിന്റെ ജനവിരുദ്ധ തീരുമാനങ്ങൾക്കെതിരെ ശബ്ദമുയർത്താൻ നിയമസഭയ്ക്കുള്ളിൽ കോൺഗ്രസുമായി കൈകോർത്തതിന് ശിവസാഗറിൽ നിന്നുള്ള സ്വതന്ത്ര എംഎൽഎയായ ഗൊഗോയിയെ അദ്ദേഹം അഭിനന്ദിക്കുകയും ചെയ്തു.,,,
63716,"[0] വാരണാസി: കോണ്‍ഗ്രസ് നേതാവും നരേന്ദ്ര മോദിയുടെ എതിര്‍ സ്ഥാനാര്‍ഥിയുമായ അജയ് റായ് നിയമ വിരുദ്ധമായി തോക്ക് വാങ്ങിയതായി റിപ്പോര്‍ട്ട്
[1] അധോലോക നേതാവായ ഷഹാബുദ്ദീനില്‍ നിന്നുമാണ് അജയ് റായ് എ കെ 47 തോക്ക് വാങ്ങിയതത്രെ
[2] ബീഹാര്‍ സ്വദേശിയായ ഷഹാബുദ്ദീന്‍ ഇപ്പോള്‍ ജയിലിലാണ്
[3] ബിഹാര്‍ പോലീസിലെ ഡയറക്ടര്‍ ജനറലായ ഡി പി ഓജ ഉത്തര്‍ പ്രദേശ് ഹോം സെക്രട്ടറിക്ക് അയച്ച റിപ്പോര്‍ട്ടിലാണ് ഈ വിവരമുള്ളത്
[4] 82 പേജുള്ള റിപ്പോര്‍ട്ടില്‍ മുന്‍ എം എല്‍ എയായ അജയ് റായ്, റാഞ്ചിയിലെ കുപ്രസിദ്ധ ക്രിമിനലായ അനില്‍ ശര്‍മ എന്നിവരുടെ പേരുകളാണ് ഉള്ളത്
[5] വാരണാസി കോല്‍സലയിലെ മുന്‍ എം എല്‍ എയാണ് അജയ് റായ്","82 പേജുള്ള റിപ്പോർട്ടിൽ മുൻ എം എൽ എയായ അജയ് റായ്, റാഞ്ചിയിലെ കുപ്രസിദ്ധ ക്രിമിനലായ അനിൽ ശർമ എന്നിവരുടെ പേരുകളാണ് ഉള്ളത്. ബിഹാർ പോലീസിലെ ഡയറക്ടർ ജനറലായ ഡി പി ഓജ ഉത്തർ പ്രദേശ് ഹോം സെക്രട്ടറിക്ക് അയച്ച റിപ്പോർട്ടിലാണ് ഈ വിവരമുള്ളത്.",,,
77111,"[0] തൊടുപുഴ: കുടുംബശ്രീയിലൂടെ ജില്ലയിലെ ഒട്ടനവധി പ്രശ്‌നങ്ങള്‍ പരിഹരിച്ചുകൊണ്ട് പുതിയ സംരംഭങ്ങള്‍ ആരംഭിക്കുകയും അതിലൂടെ ദാരിദ്ര്യ നിര്‍മാര്‍ജ്ജനം സാധ്യമാക്കാനും പുതിയ പദ്ധതിയൊരുങ്ങുന്നു
[1] ഗ്രാമീണ മേഖലയില്‍ സംരംഭ വികസനത്തിനായി കേന്ദ്ര സര്‍ക്കാര്‍ കുടുംബശ്രീ വഴി നടപ്പിലാക്കുന്ന ് സ്റ്റാര്‍ട്ടപ്പ് വില്ലേജ് സംരംഭകത്വ പരിപാടിയാണ് ഇടുക്കിയിലും ആരംഭിക്കുന്നത്
[2] സംസ്ഥാനത്തില്‍ ബ്ലോക്ക് അടിസ്ഥാനത്തില്‍ നടപ്പിലാക്കുന്ന പദ്ധതി ജില്ലയില്‍ ഇടുക്കി ബ്ലോക്കിലാണ് ആദ്യം ആരംഭിച്ചത്്
[3] അടുത്ത നാല് വര്‍ഷം കൊണ്ട് 1779 സംരംഭങ്ങള്‍ തുടങ്ങാനാണ് ഈ പദ്ധതി ലക്ഷ്യമിടുന്നത്
[4] ഇടുക്കി ബ്ലോക്കിലെ 6 സി.ഡി.എസ് ചെയര്‍പേഴ്‌സണ്‍മാരാണ് ഇതിന്റെ നടത്തിപ്പെന്നും എസ്.വി.ഇ.പി പദ്ധതിയുടെ കീഴിലുള്ള എല്ലാ സേവനങ്ങളും ഈ സെന്ററിലൂടെ ലഭ്യമാകും
[5] സംരംഭക പ്രവര്‍ത്തനങ്ങളിലൂടെ സ്ത്രീ ശാക്തീകരണവും മെച്ചപ്പെടും",ഗ്രാമീണ മേഖലയിൽ സംരംഭ വികസനത്തിനായി കേന്ദ്ര സർക്കാർ കുടുംബശ്രീ വഴി നടപ്പിലാക്കുന്ന ് സ്റ്റാർട്ടപ്പ് വില്ലേജ് സംരംഭകത്വ പരിപാടിയാണ് ഇടുക്കിയിലും ആരംഭിക്കുന്നത്. ഇടുക്കി ബ്ലോക്കിലെ 6 സി.ഡി.എസ് ചെയർപേഴ്സൺമാരാണ് ഇതിന്റെ നടത്തിപ്പെന്നും എസ്.വി.ഇ.പി പദ്ധതിയുടെ കീഴിലുള്ള എല്ലാ സേവനങ്ങളും ഈ സെന്ററിലൂടെ ലഭ്യമാകും.,,,
46613,"[0] ലണ്ടന്‍: ഇന്ത്യയുടെ പി
[1] ഗോപീചന്ദ് ഓള്‍ -ഇംഗ്ലണ്ട് ബാഡ്മിന്റണ്‍ ടൂര്‍ണമെന്റിന്റെ ഫൈനലില്‍ പ്രവേശിച്ചു
[2] മാര്‍ച്ച് 10 ശനിയാഴ്ച ലോക ഒന്നാം നമ്പര്‍ താരം ഡന്മാര്‍ക്കിന്റെ പീറ്റര്‍ ഗാദെ ക്രിസ്റ്റ്യന്‍സിനെ നേരിട്ടുള്ള സെറ്റുകള്‍ക്ക് പരാജയപ്പെടുത്തിയാണ് ഗോപീചന്ദ് ഫൈനലില്‍ കടന്നത്
[3] ഓള്‍-ഇംഗ്ലണ്ട് ടൂര്‍ണമെന്റിന്റെ ചരിത്രത്തില്‍ ഇതു രണ്ടാം തവണയാണ് ഒരു ഇന്ത്യാക്കരന്‍ ഫൈനലില്‍ പ്രവേശിക്കുന്നത്
[4] ഇതിനു മുമ്പ് 1980 ല്‍ പ്രകാശ് പദുക്കോണ്‍ ആണ് ഈ നേട്ടം കൈവരിച്ച ആദ്യ ഇന്ത്യന്‍ താരം
[5] അന്ന് പദുക്കണ്‍ കിരീടം നേടിയിരുന്നു",മാർച്ച് 10 ശനിയാഴ്ച ലോക ഒന്നാം നമ്പർ താരം ഡന്മാർക്കിന്റെ പീറ്റർ ഗാദെ ക്രിസ്റ്റ്യൻസിനെ നേരിട്ടുള്ള സെറ്റുകൾക്ക് പരാജയപ്പെടുത്തിയാണ് ഗോപീചന്ദ് ഫൈനലിൽ കടന്നത്. ഓൾ-ഇംഗ്ലണ്ട് ടൂർണമെന്റിന്റെ ചരിത്രത്തിൽ ഇതു രണ്ടാം തവണയാണ് ഒരു ഇന്ത്യാക്കരൻ ഫൈനലിൽ പ്രവേശിക്കുന്നത്.,,,
36040,"[0] മമ്മൂട്ടിയെ ‘ഡാ മമ്മൂട്ടീ’ എന്ന് മുഖത്തു നോക്കി വിളിക്കാൻ സ്വാതന്ത്ര്യമുള്ള ഏറ്റവും അടുത്ത് സുഹൃത്തായിരുന്നു അന്തരിച്ച കെ.ആര്‍
[1] വിശ്വംഭരന്‍ ഐഎഎസ്
[2] ഗുരുതരാവസ്ഥയിൽ ആശുപത്രിക്കിടക്കയിൽ അദ്ദേഹത്തെ കാണാനും മമ്മൂട്ടി എത്തിയിരുന്നു
[3] ലോ കോളജിൽ കെ.ആര്‍
[4] വിശ്വംഭരന്റെ സഹപാഠിയായിരുന്നു മമ്മൂട്ടി
[5] സിനിമയ്ക്ക് അകത്തും പുറത്തും മമ്മൂട്ടി അത്രമാത്രം ചേർത്തുനിർത്തിയ സൗഹൃദങ്ങളിൽ ഏറ്റവും പ്രധാനി",'ഡാ മമ്മൂട്ടീ' എന്ന് മുഖത്തു നോക്കി വിളിക്കാൻ സ്വാതന്ത്ര്യമുള്ള ഏറ്റവും അടുത്ത് സുഹൃത്തായിരുന്നു അന്തരിച്ച കെ.ആർ. സിനിമയ്ക്ക് അകത്തും പുറത്തും മമ്മൂട്ടി അത്രമാത്രം ചേർത്തുനിർത്തിയ സൌഹൃദങ്ങളിൽ ഏറ്റവും പ്രധാനി.,,,
26843,"[0] വിപ്ലവത്തിനു മുൻപ്, സാർ ചക്രവർത്തിയുടെ സൈന്യം കമ്യൂണിസ്റ്റുകാരെ പീഡിപ്പിച്ചിരുന്ന കാലത്തെ കഥയാണ്
[1] പീഡനത്തിനു മുൻപ് ജോസഫ് സ്റ്റാലിൻ ഒരു പുൽക്കൊടി തന്റെ പല്ലുകൾക്കിടയിൽ വച്ചു
[2] കൊടിയ പീഡനത്തിനു ശേഷവും പുൽക്കൊടിക്ക് ഒരു പോറലുമേറ്റില്ലത്രേ
[3] സ്റ്റാലിന്റെ കരുത്ത് തെളിയിക്കുന്നതാണ് ഈ കഥ
[4] ഒരു വിഭാഗം കമ്യൂണിസ്റ്റുകാർക്ക് ഇപ്പോഴും ഇഷ്ടമാണ് കരുത്തനായ സ്റ്റാലിനെ
[5] ഭരണാധികാരിയായിരിക്കെ, പൊളിറ്റ് ബ്യൂറോയിലെ എല്ലാവരെയും കാലപുരിക്കയച്ചയാളാണ് സ്റ്റാലിൻ
[6] അദ്ദേഹത്തിന്റെ ക്രൂരതകൾ ക്രൂഷ്ചേവ് ആണ് ലോകത്തെ അറിയിച്ചത്","മുൻപ്, സാർ ചക്രവർത്തിയുടെ സൈന്യം കമ്യൂണിസ്റ്റുകാരെ പീഡിപ്പിച്ചിരുന്ന കാലത്തെ കഥയാണ്. പീഡനത്തിനു മുൻപ് ജോസഫ് സ്റ്റാലിൻ ഒരു പുൽക്കൊടി തന്റെ പല്ലുകൾക്കിടയിൽ വച്ചു.",,,
62765,"[0] കോഴിക്കോട്: സ്‌കൂള്‍ വിദ്യാര്‍ത്ഥിനികളെ പോലും വില്‍പനക്ക് വക്കുന്ന കാഴ്ചയാണ് ഇപ്പോള്‍ കോഴിക്കോട് കാണുന്നത്
[1] പെണ്‍കുട്ടികളെ വലയിലാക്കി പീഡിപ്പിക്കുന്ന സംഘം ഈ കുട്ടികളെ ഉപയോഗിച്ച് കൂടുതല്‍ പേരെ സെക്‌സ് റാക്കറ്റിന്റെ കണ്ണികളാക്കുയാണ്
[2] ലൈംഗിക രംഗങ്ങള്‍ ചിത്രീകരിച്ച് ഭീഷണപ്പെടുത്തിയാണ് പല കുട്ടികളേയും സംഘം ഉപയോഗപ്പെടുത്തുന്നത്
[3] ഒരു ഹൈസ്‌കൂള്‍ വിദ്യാര്‍ത്ഥിനിയുടെ ആത്മഹത്യയും മറ്റൊരു പ്ലസ് ടു വിദ്യാര്‍ത്ഥിനിയുടെ ആത്മഹത്യ ശ്രമവും ആണ് ഞെട്ടിപ്പിക്കുന്ന വിവരങ്ങളിലേക്ക് വെളിച്ചം വീശിയിരിക്കുന്നത്
[4] ജില്ലയിലെ നിരവധി പെണ്‍കുട്ടികള്‍ സെക്‌സ് റാക്കറ്റിന്റെ പിടിയില്‍ അകപ്പെട്ടിട്ടുള്ളതായാണ് സൂചന
[5] സ്‌കൂളുകളും പാരലല്‍ കോളേജുകളും കേന്ദ്രീകരിച്ചാണ് റാക്കറ്റ് പ്രവര്‍ത്തിക്കുന്നത്
[6] ജില്ലയുടെ വടക്കന്‍ മേഖലകളായ പന്തിരിക്കര, കടിയങ്ങാട് എന്നിവിടങ്ങളിലെ ചില യുവാക്കളാണ് സംഘത്തിലെ പ്രധാനികള്‍ ഇവരെ കേന്ദ്രീകരിച്ച് അന്വേഷം തുടങ്ങിയിട്ടുണ്ട്
[7] ജാനകിക്കാട്, കോഴിക്കോട് എന്നിവടങ്ങളിലെത്തിച്ചാണ് പെണ്‍കുട്ടികളെ ഉപയോഗപ്പെടുത്തിയിരുന്നത് എന്ന് പറയുന്നു
[8] ആത്മഹത്യ ചെയ്ത ഹൈസ്‌കൂള്‍ വിദ്യാര്‍ത്ഥിനിയെ ഈ രണ്ട് സ്ഥലങ്ങളിലും കൊണ്ടുവന്ന് പീഡിപ്പിച്ചതായാണ് റിപ്പോര്‍ട്ട്
[9] ഇത് മൊബല്‍ ഫോണില്‍ പകര്‍ത്തി ഭീഷണിപ്പെടുത്തിയിരുന്നതായും ആരോപണമുണ്ട്
[10] ഇത് സഹിക്കവയ്യാതെ പെണ്‍കുട്ടി ആത്മഹത്യ ചെയ്യുകയായിരുന്നു എന്നാണ് സൂചന","ജില്ലയുടെ വടക്കൻ മേഖലകളായ പന്തിരിക്കര, കടിയങ്ങാട് എന്നിവിടങ്ങളിലെ ചില യുവാക്കളാണ് സംഘത്തിലെ പ്രധാനികൾ ഇവരെ കേന്ദ്രീകരിച്ച് അന്വേഷം തുടങ്ങിയിട്ടുണ്ട്. ഒരു ഹൈസ്കൂൾ വിദ്യാർത്ഥിനിയുടെ ആത്മഹത്യയും മറ്റൊരു പ്ലസ് ടു വിദ്യാർത്ഥിനിയുടെ ആത്മഹത്യ ശ്രമവും ആണ് ഞെട്ടിപ്പിക്കുന്ന വിവരങ്ങളിലേക്ക് വെളിച്ചം വീശിയിരിക്കുന്നത്.",,,
